post_id,claim_id,stance,score,error
41qfg7,33,off_topic,0.996,false positive
7pr866,48,off_topic,0.995,false positive
7pvbsv,48,off_topic,0.995,false positive
la0a8q,12,off_topic,0.995,false positive
4wpecq,48,off_topic,0.994,false positive
6gsbos,48,off_topic,0.994,false positive
lpv6b2,12,off_topic,0.994,false positive
12baklv,12,off_topic,0.993,false positive
58mxli,48,off_topic,0.993,false positive
afj03f,12,off_topic,0.992,false positive
nh2xbd,48,off_topic,0.992,false positive
5zia5v,23,off_topic,0.991,false positive
mlyr54,1,off_topic,0.988,false positive
bnoy8x,44,off_topic,0.987,false positive
2e2os9,18,off_topic,0.986,false positive
pfxx55,5,refutes,0.027,false negative
pk6bln,5,refutes,0.027,false negative
pid6cq,5,refutes,0.048,false negative
o9yu8w,3,supports,0.105,false negative
1ssonai,22,supports,0.112,false negative
17t04r0,5,discusses,0.128,false negative
d8qza8,5,refutes,0.14,false negative
1dtx7p4,5,discusses,0.147,false negative
furh3t,4,discusses,0.153,false negative
10f9jjw,22,supports,0.189,false negative
177uh6e,40,supports,0.196,false negative
j70xoi,4,discusses,0.242,false negative
16wyj2y,22,supports,0.251,false negative
lcp4ri,6,discusses,0.265,false negative
fo70ft,4,discusses,0.274,false negative
