post_id,subreddit,claim_id
k6o6bw,france,1
k9ajeu,france,1
mlyr54,france,1
oe1lri,france,1
ok75sy,france,1
53atzi,ActualiteFrance,1
114db0u,france,2
s6v32r,france,2
1b5uwh9,france,2
ojmy4l,france,3
okqta8,france,3
o9yu8w,france,3
15hw0om,france,4
phv7m2,france,4
jc6461,france,4
fwlvl4,france,4
furh3t,france,4
lvxwqy,france,4
sd73xx,france,4
n14wzz,france,4
gp3xs4,france,4
a4kdrr,france,4
fqfc29,france,4
69kvmc,france,4
r2ie0y,france,4
j0t2d2,france,4
jc5uzf,france,4
xu9dy6,france,4
iket8f,france,4
stu70x,france,4
nra3e8,france,4
g2gixl,france,4
ioql0z,france,4
b46ji0,france,4
1c2a1gl,france,4
nyvi2e,france,4
p96cry,france,4
i0mhd5,france,4
mbi4r0,france,4
jvqnsn,france,4
fbgn5m,france,4
jjylnj,france,4
ihj6bx,france,4
l7ou1m,france,4
fo70ft,france,4
iiqap8,france,4
j70xoi,france,4
nelkdp,france,4
hwfz7k,france,4
fpxm9f,france,4
jgkvtb,france,4
1spsrht,francophonie,4
1anmqz7,francophonie,4
ilv17f,francophonie,4
ivn1mm,francophonie,4
ivghce,francophonie,4
1dtx7p4,france,5
1nsyao7,france,5
1jmkx80,france,5
1pgfwsk,france,5
1m2964x,france,5
h9hstb,france,5
1ngl5zs,france,5
1orjr7o,france,5
mnfunz,france,5
17wae18,france,5
d8qza8,france,5
p7m4ro,france,5
1e8v02c,france,5
1k7w1j5,france,5
s4k0lg,france,5
17fyyjr,france,5
1sm4vlc,france,5
1supuh6,france,5
1sv5bj3,france,5
1pgivxz,france,5
1nvg1xa,france,5
pk6bln,france,5
f96tbe,france,5
r3ibr2,france,5
17t04r0,france,5
pfxx55,france,5
94hsqm,france,5
16hwuoa,france,5
a5rrh2,france,5
y322ea,france,5
hjxc3u,france,5
iiqu94,france,5
pid6cq,france,5
18e92co,france,5
1c5hgob,france,5
1c65n5g,france,5
fmkdde,france,5
1dhhn6b,france,5
meujox,france,5
ri6vc6,france,5
18xshjc,france,5
p51lhn,france,5
9zpdkw,france,5
ymehyd,france,5
olukpq,france,5
10set1d,france,5
p6eek4,france,5
17ouc19,france,5
iu2a3a,france,5
lfh2sm,france,5
aegsg8,france,5
f799k5,france,5
g19p90,france,5
go1u33,france,5
9i7b81,france,5
8zbi91,france,5
9myhyd,france,5
a3cb50,france,5
7fm9jz,france,5
191jc6z,francophonie,5
188bzfj,francophonie,5
17rg103,francophonie,5
18n3o0k,francophonie,5
18ahfdd,francophonie,5
17iif8e,francophonie,5
17nvpqg,francophonie,5
17wjcbs,francophonie,5
17iauno,francophonie,5
17pixc6,francophonie,5
17da0ni,francophonie,5
17c78fe,francophonie,5
13vqx03,francophonie,5
12ssvfv,francophonie,5
ydvxvo,francophonie,5
yj9iqd,francophonie,5
isp3z6,francophonie,5
1jpp80q,france,6
1k2m4vs,france,6
mh20h1,france,6
gbdhgn,france,6
p3kigu,france,6
g34bbf,france,6
o3c60p,france,6
p370dc,france,6
lg2k8j,france,6
lg2dzw,france,6
fqhu9s,france,6
fc8jpk,france,6
rus5sh,france,6
lcp4ri,france,6
gl5kwt,france,6
6e8no8,france,6
195evcr,francophonie,6
1849x68,francophonie,6
17u7fsv,francophonie,6
1g13egl,france,7
1g8myad,france,7
siuakv,france,7
gecn8f,france,7
1l1c7i0,france,7
n90ru9,france,7
1g4wao0,france,7
nryb61,france,7
1dkmhn1,france,7
d82gx6,france,7
tq9whl,france,7
si6c5r,france,7
4tc1ne,france,7
m4tu00,france,7
fm41er,france,7
199uls5,francophonie,7
17kpefv,francophonie,7
1846ami,francophonie,7
164lrkh,francophonie,7
15rqqca,francophonie,7
10kz71e,francophonie,7
y6508z,francophonie,7
11665fz,france,8
lpj2mi,france,8
q12fz2,france,8
urftnb,france,8
175exug,france,8
1fsplqe,france,8
fccnsv,france,8
bgeguu,france,8
9moo1u,france,8
15eb6kt,france,8
9ita19,france,8
woxjy6,france,8
5me65r,france,8
15q3j5b,france,8
1d9csi9,france,8
1mc8bfv,france,8
d3m3ni,france,8
13vrw1z,france,8
15eg570,france,8
bcb5bq,france,8
1it0s8n,france,8
w28bbb,france,8
x4q66o,france,8
9cd07l,france,8
zmhqdd,france,8
p1l865,france,8
9slu0t,france,8
xgtu36,france,8
dlev5c,france,8
b587v3,france,8
1b8jlqh,francophonie,8
18bgtno,francophonie,8
yojbib,francophonie,8
1as4h14,francophonie,8
yt5wxs,francophonie,8
178gobg,francophonie,8
yut4a3,francophonie,8
yghar1,francophonie,8
15yd899,france,9
1b9osxh,france,9
1ljio9k,france,9
85rbhc,france,9
xfpchd,france,9
18gll5i,francophonie,9
14v7943,france,10
1butdv4,france,10
1cmyai6,france,10
16y56gn,france,10
14u0n1t,france,10
12z9ned,france,10
1ijylle,france,10
15mlo3k,france,10
109vdiz,france,10
1hb5l6u,france,10
17seqtw,france,10
14a0iy8,france,10
1g9hlg9,france,10
1lreoc5,france,10
v0j1qf,france,10
1hxxy5b,france,10
149y7n0,france,10
42evys,france,10
95pxyn,france,10
1hr82n0,france,10
15wbys2,france,10
1584uxr,france,10
5oqaye,france,10
nqefuh,france,10
7b71pf,france,10
s19u4b,france,10
onwka1,france,10
1lrpzay,france,10
1bjm4ag,france,10
15ozc9o,france,10
1ncgwyi,france,10
15g8q72,france,10
1954lu5,france,10
nyxyka,france,10
t3f6jf,france,10
fhzis1,france,10
ruxsws,france,10
1ajbytz,france,10
6nscbf,france,10
1b1blip,france,10
166zkc4,france,10
1c0e70q,france,10
qr5jpf,france,10
edot6p,france,10
7s4ufe,france,10
ycmn79,france,10
8lqsn3,france,10
167xq4e,france,10
18iez0f,france,10
18r9y4a,france,10
1ka6v47,france,10
8guuvd,france,10
12kbigt,france,10
y7ydqc,france,10
xpnn73,france,10
zqknq3,france,10
7ymejv,france,10
904jy9,france,10
1d08gwl,france,10
18apftn,france,10
1j5ovgx,france,10
1g3a6yi,france,10
8zjuu0,france,10
wxhwdi,france,10
103ykgf,france,10
13f2snt,france,10
1e787n6,france,10
17wtwjw,france,10
102y4vm,france,10
ohim6f,france,10
1bkua8v,france,10
18d47zq,france,10
x1tuwu,france,10
18stoaj,france,10
dnpdj9,france,10
mk65eu,france,10
18qjn6e,france,10
xbgp47,france,10
qj2ez7,france,10
4zlvsv,france,10
15aaw83,france,10
100hfq1,france,10
91vcf0,france,10
apvc02,france,10
bjfb3e,france,10
191mhsu,francophonie,10
1ahx4px,francophonie,10
1b9qjeh,francophonie,10
1b9lhgk,francophonie,10
1bkttoh,francophonie,10
18lhwlp,francophonie,10
163sc1p,francophonie,10
17pz339,francophonie,10
1aoez3c,francophonie,10
1853400,francophonie,10
18r9fac,francophonie,10
16e81se,francophonie,10
18djrl4,francophonie,10
1bkubkn,francophonie,10
1brh3fp,francophonie,10
172xrre,francophonie,10
1bpr607,francophonie,10
1bl8me7,francophonie,10
1bg3pzf,francophonie,10
1boyxp2,francophonie,10
1al1xgb,francophonie,10
1brguvr,francophonie,10
18qbah5,francophonie,10
1bkugao,francophonie,10
1al11d0,francophonie,10
1akjtd4,francophonie,10
1ackamm,francophonie,10
1acemay,francophonie,10
1ajo0j6,francophonie,10
1aqrv3e,francophonie,10
19cvv32,francophonie,10
18z23gl,francophonie,10
18i9yzx,francophonie,10
19czl9q,francophonie,10
1asdwa6,francophonie,10
1ahwd11,francophonie,10
1ahw49n,francophonie,10
1am1lnv,francophonie,10
1ao2tgt,francophonie,10
17m43n2,francophonie,10
1890ej0,francophonie,10
1aqrfc7,francophonie,10
18w4p3e,francophonie,10
19037uo,francophonie,10
19eplt5,francophonie,10
1ackrld,francophonie,10
18mq8nl,francophonie,10
18rcq5b,francophonie,10
17wkm70,francophonie,10
195eipr,francophonie,10
17qqlay,francophonie,10
18jo0xl,francophonie,10
17p1bid,francophonie,10
17p0wzh,francophonie,10
18jp4i1,francophonie,10
18syus6,francophonie,10
17g4ud5,francophonie,10
18wwmkc,francophonie,10
18i9uoj,francophonie,10
189ubhv,francophonie,10
17t4bqy,francophonie,10
18r3me2,francophonie,10
18q7pay,francophonie,10
18tky9x,francophonie,10
18kn70h,francophonie,10
18shlh2,francophonie,10
17ql75o,francophonie,10
17kob73,francophonie,10
18kltku,francophonie,10
17y2p8g,francophonie,10
18jowp8,francophonie,10
18ce85y,francophonie,10
18eaykt,francophonie,10
18gkv34,francophonie,10
17iaejm,francophonie,10
18eltoc,francophonie,10
18bigzz,francophonie,10
18fg7bf,francophonie,10
18cdyur,francophonie,10
12gto59,francophonie,10
188bvzu,francophonie,10
17fe9p5,francophonie,10
186m7ff,francophonie,10
186lwdb,francophonie,10
185ymm1,francophonie,10
17wj4sm,francophonie,10
177kndo,francophonie,10
184ervp,francophonie,10
17srxob,francophonie,10
180nlrn,francophonie,10
180gxn5,francophonie,10
185zzg9,francophonie,10
17xhfxx,francophonie,10
nid4xk,france,11
wg2uk5,france,11
qvl6qi,france,11
mwtpq2,france,11
11a46o0,france,11
9g0oij,france,11
w8go16,france,12
16yn74r,france,12
r1sqhl,france,12
1dpt4w3,france,12
18sb59t,france,12
zgt2g6,france,12
1opy0dr,france,12
17zpay1,france,12
la0a8q,france,12
offbxc,france,12
ao546f,france,12
1lpsj7n,france,12
sgvtsu,france,12
1al13nz,france,12
1kzwmx8,france,12
1gdz53k,france,12
lpv6b2,france,12
1hc46hu,france,12
79nhhe,france,12
1mes1ce,france,12
1bj98dv,france,12
1dp6x90,france,12
12baklv,france,12
1lkvd8l,france,12
1ggjlxr,france,12
1p5umvg,france,12
1m4m9rz,france,12
1qbkslz,france,12
1cynsa1,france,12
17qmh3g,france,12
c8le3c,france,12
u5iqno,france,12
5ydrdh,france,12
e1xvqm,france,12
objeos,france,12
elqv0f,france,12
cjbe5s,france,12
18r7rl7,france,12
1ft7qo3,france,12
tdti6b,france,12
1lpztio,france,12
1gq9vso,france,12
14jimzx,france,12
1sxtmsr,france,12
qjlr54,france,12
1i3a84e,france,12
1gvuolb,france,12
c71xlq,france,12
9zdmcq,france,12
w64hnf,france,12
181ge9x,france,12
oug55y,france,12
18hi268,france,12
ry2y0q,france,12
c64ss6,france,12
141dend,france,12
yhlu8o,france,12
afj03f,france,12
se849k,france,12
13p0urf,france,12
coghm8,france,12
126ftbj,france,12
nqk4aw,france,12
16yz3hx,france,12
d0dalv,france,12
cbtzq1,france,12
14n81kn,france,12
e3tuaa,france,12
bggieq,france,12
qmpcrf,france,12
wkx90y,france,12
4vsyz6,france,12
zuchli,france,12
txiefh,france,12
avwxqi,france,12
8qr57h,france,12
f283vi,france,12
we62zs,france,12
1c6cxua,france,12
aq84kk,france,12
7qqwpg,france,12
1nq55bf,france,12
3fuumz,france,12
e1edg3,france,12
kabbn0,france,12
j61gsa,france,12
u4xjdq,france,12
q5qhh3,france,12
a0iarh,france,12
bcgxj3,france,12
e5gitz,france,12
q1p1n6,france,12
a3fx5v,france,12
7ljsut,france,12
aqohqe,france,12
8oqyiq,france,12
1gsmqzu,francophonie,12
1hufee1,francophonie,12
187gprg,francophonie,12
uwln53,francophonie,12
ggbp5b,francophonie,12
1904g3f,francophonie,12
18p13so,francophonie,12
18khw8l,francophonie,12
1qizru6,francophonie,12
17bhfzx,francophonie,12
19442rl,francophonie,12
1bp6uhy,francophonie,12
1bp71yt,francophonie,12
17cywvl,francophonie,12
1brgsd4,francophonie,12
167573w,francophonie,12
1bku2zx,francophonie,12
18sst67,francophonie,12
1bx6piv,francophonie,12
1bpqwc0,francophonie,12
1bg3m43,francophonie,12
1b7w65o,francophonie,12
18y7fex,francophonie,12
1aqrcu7,francophonie,12
195q3zc,francophonie,12
1akhv4r,francophonie,12
1as55sb,francophonie,12
18tkb7c,francophonie,12
1agzvsv,francophonie,12
1acjvmx,francophonie,12
16x84jw,francophonie,12
17yu8cn,francophonie,12
18fzegb,francophonie,12
18bh80k,francophonie,12
18c09cg,francophonie,12
18ud9zr,francophonie,12
18ffwfz,francophonie,12
187u1pc,francophonie,12
1853fml,francophonie,12
18gkq9h,francophonie,12
188badl,francophonie,12
18ctaip,francophonie,12
18bitft,francophonie,12
18bc5dm,francophonie,12
17d1yl0,francophonie,12
189phwz,francophonie,12
17uyohx,francophonie,12
17xh60w,francophonie,12
17189pc,francophonie,12
17wigvp,francophonie,12
17wif51,francophonie,12
17ap4yo,francophonie,12
177l9lj,francophonie,12
178h5v8,francophonie,12
139lq41,francophonie,12
16gomka,francophonie,12
16f0cxx,francophonie,12
136kq85,francophonie,12
14a4hia,francophonie,12
137fc3o,francophonie,12
12wh6q7,francophonie,12
13as6v3,francophonie,12
13hd97w,francophonie,12
12yhx4y,francophonie,12
131mwun,francophonie,12
11edn0p,francophonie,12
11srmee,francophonie,12
11832w4,francophonie,12
11srgyr,francophonie,12
yzi2oj,francophonie,12
10xs8iy,francophonie,12
11a0bue,francophonie,12
11l5mgy,francophonie,12
10mhy4q,francophonie,12
yptma9,francophonie,12
10si603,francophonie,12
10xdz8j,francophonie,12
10v25p3,francophonie,12
10o4p3a,francophonie,12
yc6o95,francophonie,12
yu8pj0,francophonie,12
ytcjvl,francophonie,12
yayqyf,francophonie,12
ydad37,francophonie,12
yccbvb,francophonie,12
ic2g86,francophonie,12
ix01hq,francophonie,12
v7j4nq,france,13
1l3cown,france,13
urgn2d,france,13
1po7ogz,france,13
1k5569e,france,13
nu4qwm,france,13
imb0ri,france,13
13peyn8,france,13
jgkjnm,france,13
oc89ax,france,13
11zlvvp,france,13
u20isz,france,13
v66cxj,france,13
x5vcc8,france,13
bfyjiv,france,13
l5g4qt,france,13
1agd6q8,france,13
mqbsvc,france,13
16k8y7n,france,13
bqn8hv,france,13
ttajh4,france,13
16twv4u,france,13
yc5qrl,france,13
1s9jscs,france,13
dwahhl,france,13
pbj8bp,france,13
1nkxy37,france,13
ooa0ki,france,13
prtvou,france,13
6chrdz,france,13
tvvlsn,france,13
c1zmfq,france,13
fvaxja,france,13
wqnif4,france,13
1l87zf2,france,13
14aswpe,france,13
vdm3or,france,13
orj107,france,13
1o6n4jn,france,13
ghjdyj,france,13
1bgfcbc,france,13
tkah7f,france,13
14clvdt,france,13
1g5ln0v,france,13
1ie7byj,france,13
1qwhzqe,france,13
1ifzfhj,france,13
99m68g,france,13
tex3t2,france,13
fmgq9v,france,13
cg9psx,france,13
15auuwg,france,13
vctood,france,13
zlnftq,france,13
cw131i,france,13
10zs908,france,13
1866wpi,france,13
yh87tu,france,13
jaaj86,france,13
ot4rej,france,13
10f1fr1,france,13
z4hbb5,france,13
tqzpga,france,13
g1othi,france,13
da0fiz,france,13
108lvx8,france,13
tpp04o,france,13
16mswgu,france,13
zaowq2,france,13
qdjokh,france,13
9jcvgf,france,13
s25tsv,france,13
vyrf29,france,13
vg3z1x,france,13
haav14,france,13
s8nkyw,france,13
hkqsgq,france,13
626ly6,france,13
16dghd5,france,13
9nt13c,france,13
vs0jf2,france,13
kuyyyj,france,13
5x4u0v,france,13
wddtzu,france,13
73zein,france,13
ckcv0t,france,13
8cmq95,france,13
qmj0et,france,13
6ltt76,france,13
co1e76,france,13
9ewhky,france,13
fwgse8,francophonie,13
1bjc25j,francophonie,13
yzhtwl,francophonie,13
z7174d,francophonie,13
ih7ei3,francophonie,13
1dikv20,france,14
1dkbozg,france,14
1dv89kh,france,14
1re7rj2,france,14
1ds7f7r,france,14
1kcy87o,france,14
1dxisst,france,14
1e1j4d9,france,14
1dgk657,france,14
1dy24o5,france,14
1dcgfo1,france,14
1dfjxkf,france,14
1dd6thg,france,14
1de040h,france,14
1dslge2,france,14
1dgbnph,france,14
1n0idwd,france,14
1dtf4fi,france,14
1dil8h2,france,14
6hzc93,france,14
1dhrn9r,france,14
1dny95b,france,14
1do8npk,france,14
1e4qpix,france,14
1d5ohgk,france,14
np2d26,france,14
1dosoob,france,14
1du768r,france,14
1dq0rm2,france,14
951q9m,france,14
1qfb0hb,france,14
6i0c5t,france,14
6gm1be,france,14
1fhyjl8,france,14
26ii7z,france,14
11xhao1,france,14
yc7pdp,france,14
u2sccm,france,14
zy28vs,france,14
1dukqf3,france,14
1dnlrek,france,14
1hx8pwq,france,14
1e4n0px,france,14
njswvw,france,14
1agbqh8,france,14
1dj28yd,france,14
1dtm3r0,france,14
1df1ij1,france,14
1dfuspz,france,14
btnqcc,france,14
6690ac,france,14
ubia9r,france,14
vi8zcb,france,14
3w14cr,france,14
rmyfyx,france,14
9dmmxr,france,14
woeakw,france,14
40n33m,france,14
688gvu,france,14
68euzg,france,14
twzazb,france,14
ujkb6o,france,14
pa139w,france,14
69sb4b,france,14
9lasl6,france,14
689x42,france,14
1ackdsr,francophonie,14
1bcu5o4,francophonie,14
1asz15m,francophonie,14
1bre7fd,francophonie,14
1bprcsk,francophonie,14
1brgymp,francophonie,14
1as5tdk,francophonie,14
18zd4gk,francophonie,14
18f05rm,francophonie,14
18csp0f,francophonie,14
18hdw6j,francophonie,14
17vuhgh,francophonie,14
17lzxyu,francophonie,14
13rj771,francophonie,14
zpn35n,francophonie,14
115wkch,francophonie,14
10oxcxt,francophonie,14
107acdv,francophonie,14
109wo9y,francophonie,14
zpmpk6,francophonie,14
zr75tz,francophonie,14
zqjfhd,francophonie,14
zy2z2i,francophonie,14
zr7d8d,francophonie,14
zpmvbz,francophonie,14
1n9tcns,france,15
1pxmn20,france,15
1omf2bj,france,15
1h1agmg,france,15
1m4f1wx,france,15
myfex3,france,15
1n97f25,france,15
1978to1,france,15
1lltmwj,france,15
1q3yeyk,france,15
1nam6s4,france,15
1i8vrzn,france,15
1ow3e6f,france,15
18rxowk,france,15
1iuyk4n,france,15
1ni8qr8,france,15
u9in0y,france,15
1fl6mcl,france,15
1mysrmi,france,15
1ncgw0y,france,15
1nbt91a,france,15
1nx33q5,france,15
1q5pxku,france,15
u2k2hi,france,15
hegmoy,france,15
10rmjaw,france,15
1ijs5ob,france,15
4w5b6n,france,15
15z41xe,france,15
11fccha,france,15
1hmltqw,france,15
1rmg8c3,france,15
rwjt89,france,15
1rlefml,france,15
1rjr1x1,france,15
bdjnc2,france,15
1ll5ke3,france,15
xoh2kc,france,15
1nbhfqe,france,15
1jv1432,france,15
1o1nnzq,france,15
1pn5wsc,france,15
1dsrb9h,france,15
ndy44b,france,15
1e8z7xp,france,15
jh46cv,france,15
1poc8m9,france,15
1mi6o5o,france,15
1ra36ml,france,15
14dmur2,france,15
eqf7ot,france,15
1m4yfj2,france,15
1d8mic3,france,15
1mkrn7g,france,15
1jv1tpc,france,15
18ki60k,france,15
pkts2h,france,15
pttfys,france,15
u7tu70,france,15
i8b5uo,france,15
1qum6vr,france,15
1stpw5m,france,15
1hin2h3,france,15
1iaef4b,france,15
1m8qv12,france,15
cgqoso,france,15
1inmns6,france,15
13f15oh,france,15
1hdaa42,france,15
1mvx5vj,france,15
gan3eg,france,15
10oy6iq,france,15
1dv6hry,france,15
9s2n6w,france,15
1ho8n68,france,15
1b8pmmi,france,15
mpauaf,france,15
jp39k1,france,15
zlgp2y,france,15
1lqaa0q,france,15
s71noq,france,15
4ck34b,france,15
6ak8du,france,15
g0i8rm,france,15
fkm6y5,france,15
bhb76w,france,15
a4xsib,france,15
1k1itoj,france,15
yj84wo,france,15
jncki5,france,15
1d8s1ie,france,15
1h6jsfq,france,15
185wk08,france,15
1iuj56b,france,15
1pcpxei,france,15
1l90tcf,francophonie,15
1jqqtde,francophonie,15
18q02g4,francophonie,15
1l8216k,francophonie,15
1odvydw,francophonie,15
1if751o,francophonie,15
1hyg0l8,francophonie,15
1hfikff,francophonie,15
16r3zkq,francophonie,15
17jrogf,francophonie,15
197buyi,francophonie,15
ypqdpt,francophonie,15
13qjnlp,francophonie,15
t5jolk,francophonie,15
nuepgt,francophonie,15
twzdpb,francophonie,15
stsis1,francophonie,15
sqnak8,francophonie,15
1svddie,francophonie,15
1sp8uoe,francophonie,15
1905p5l,francophonie,15
cqbbso,francophonie,15
a1v7ph,francophonie,15
7o781c,francophonie,15
1apiqqr,francophonie,15
1b17kx5,francophonie,15
1b8kfw1,francophonie,15
1bgu5zi,francophonie,15
18mbu1m,francophonie,15
18qqy7h,francophonie,15
1ailjqg,francophonie,15
1aqs2i8,francophonie,15
1as6hiz,francophonie,15
1mu3ve3,francophonie,15
195mgrp,francophonie,15
1bcv28t,francophonie,15
1mpxent,francophonie,15
18ssxll,francophonie,15
1n8ylf6,francophonie,15
16ax72h,francophonie,15
1bfl1hm,francophonie,15
18033zt,francophonie,15
16odvg2,francophonie,15
185z2sz,francophonie,15
193yzzs,francophonie,15
1ak6eyp,francophonie,15
178bl57,francophonie,15
18q18c5,francophonie,15
1b7vdil,francophonie,15
1amlld2,francophonie,15
18ig4g1,francophonie,15
14bxm4j,francophonie,15
1agzll5,francophonie,15
16w1j2q,francophonie,15
17ido0o,francophonie,15
18r3p7w,francophonie,15
18rlu95,francophonie,15
1altizo,francophonie,15
18elnh6,francophonie,15
17nistv,francophonie,15
18ahajl,francophonie,15
17bhmqe,francophonie,15
18ubqiv,francophonie,15
18ftw1l,francophonie,15
18oag62,francophonie,15
12kvpdm,francophonie,15
18ol12a,francophonie,15
16sqt88,francophonie,15
1978onb,francophonie,15
1bdr2r5,francophonie,15
1bcvmhl,francophonie,15
18q7dok,francophonie,15
17rkfqs,francophonie,15
18461pq,francophonie,15
1ahrm8p,francophonie,15
18v4zat,francophonie,15
15z6om4,francophonie,15
1848134,francophonie,15
1blxjpc,francophonie,15
199upem,francophonie,15
1773xza,francophonie,15
19eq8em,francophonie,15
1qvj5pp,france,16
1hbp8gi,france,16
1c6vqsz,france,16
114fny3,france,16
1of72w0,france,16
1lttu2k,france,16
1p86rh3,france,16
1509mag,france,16
1b3zhav,france,16
1i81gdj,france,16
1q783he,france,16
1i3deqt,france,16
1rpu82g,france,16
qcolhb,france,16
16loklq,france,16
108dj01,france,16
1htczxo,france,16
1f6jwov,france,16
1mhqow0,france,16
1lhh86x,france,16
1k54kf0,france,16
1p087r7,france,16
1cq3spj,france,16
1gn8qpg,france,16
1q0ev6v,france,16
1677z9e,france,16
1m0mcfn,france,16
1c0o7bl,france,16
j1zsiy,france,16
159c7gq,france,16
x1hl3b,france,16
1s4tr82,france,16
qrg5l7,france,16
ancn40,france,16
1o82bav,france,16
1rg2wdb,france,16
15kvv3y,france,16
1lihtgy,france,16
t8m8br,france,16
e64n22,france,16
u7uhz2,france,16
1miewf0,france,16
hgeu6a,france,16
11dlehi,france,16
vaj364,france,16
1ofkfcd,francophonie,16
1o3s8mo,francophonie,16
ld93pc,francophonie,16
keiyka,francophonie,16
1biufo3,francophonie,16
195p9q1,francophonie,16
1ncijfc,francophonie,16
1orq7u2,francophonie,16
1as9gdm,francophonie,16
18he60e,francophonie,16
1hjdevb,francophonie,16
1b9yy29,francophonie,16
172eim1,francophonie,16
18jvway,francophonie,16
18wpjsm,francophonie,16
18oabde,francophonie,16
1bl8e8r,francophonie,16
1bjzcrm,francophonie,16
180h3tr,francophonie,16
1boz5sd,francophonie,16
1bg77po,francophonie,16
1blo2vs,francophonie,16
11wrm9q,francophonie,16
1blrkoa,francophonie,16
1beky3j,francophonie,16
1aq026k,francophonie,16
1ah00b4,francophonie,16
1aogflc,francophonie,16
1jnzub5,france,17
1shi0re,france,17
1jnyt37,france,17
1sy7v8w,france,17
1osl6lf,france,17
1smwix4,france,17
1js7lsl,france,17
1pe3wez,france,17
1k27uxd,france,17
1joq4h3,france,17
1fp03ct,france,17
1lvhasv,france,17
1neeiru,france,17
1q7acst,france,17
1qv6axe,france,17
1jocksy,france,17
1jo28i9,france,17
1o7ao18,france,17
1spnmqo,france,17
1jsutxx,france,17
69snyu,france,17
1qcjny6,france,17
1q1cr6i,france,17
1jr688z,france,17
u2wov2,france,17
1pgtmiu,france,17
1l3178n,france,17
1gusx02,france,17
1j7uext,france,17
1doah2p,france,17
1ngmicc,france,17
1ltn316,france,17
sxqmas,france,17
1jo46y3,france,17
1gqkobf,france,17
65tmbv,france,17
1jo83tu,france,17
1pxt9gw,france,17
1jpmasw,france,17
1jrafld,france,17
1joneqw,france,17
13r4a7k,france,17
1fp880l,france,17
1jpl22e,france,17
1e1bu76,france,17
1jprt1e,france,17
s5yy4a,france,17
1jo0i7v,france,17
1jp23rz,france,17
xi3luv,france,17
1hapzx9,france,17
1luug1d,france,17
1dzt80b,france,17
1j3jh04,france,17
1ll3qvg,france,17
wek1a5,france,17
1jtd9pp,france,17
1f1l3cv,france,17
13bibgx,france,17
1jpkvyf,france,17
1s35kne,france,17
tuxfqm,france,17
14yge8b,france,17
1j6lvx0,france,17
ycd4xu,france,17
1jaa8gs,france,17
1fl5s5s,france,17
1loembe,france,17
1jo10t9,france,17
1qhw74q,france,17
v5j9ny,france,17
1qv2yvb,france,17
1foxbds,france,17
u2koj4,france,17
1jsr12u,france,17
1m6i27q,france,17
1ic7jen,france,17
11dadun,france,17
1jr5577,france,17
1qibnjv,france,17
1hvq823,france,17
1joad9b,france,17
1jphe7w,france,17
1dm1xlr,france,17
1i0covs,france,17
68zmng,france,17
1nhgp7g,france,17
1dh48f2,france,17
1nx88d8,france,17
1h0yeip,france,17
1jn90x9,france,17
1jpv8vq,france,17
t0zqxo,france,17
u6zb89,france,17
1jw3g0e,france,17
1apt1vt,france,17
1gq95wb,france,17
tv6jha,france,17
yff571,france,17
ylcoz0,francophonie,17
1aq28aa,francophonie,17
182rkfa,francophonie,17
1l46ruf,francophonie,17
1ncgjf2,francophonie,17
1biu7df,francophonie,17
197c75f,francophonie,17
1994aor,francophonie,17
1bgz5ah,francophonie,17
15midjy,francophonie,17
17nhvc9,francophonie,17
1blxolr,francophonie,17
16x4aop,francophonie,17
13booh4,francophonie,17
1boyzwh,francophonie,17
1bjyyeq,francophonie,17
1bg3u66,francophonie,17
18f5v4o,francophonie,17
1beifxc,francophonie,17
1am0eci,francophonie,17
1bg3wey,francophonie,17
172ze4c,francophonie,17
17xe21a,francophonie,17
1apymz0,francophonie,17
1akhr6q,francophonie,17
1902iz3,francophonie,17
18x3iki,francophonie,17
1ack4bv,francophonie,17
17l17qa,francophonie,17
19029rc,francophonie,17
178bor1,francophonie,17
18y7ryg,francophonie,17
18hotvp,francophonie,17
17g0ohb,francophonie,17
18ujwi7,francophonie,17
18thi0b,francophonie,17
18dk7z9,francophonie,17
18bh4e6,francophonie,17
195f7af,francophonie,17
18r3zxh,francophonie,17
18bc16q,francophonie,17
17ekmiq,francophonie,17
18yhcjt,francophonie,17
18ahlwf,francophonie,17
17cpvzj,francophonie,17
17g0klk,francophonie,17
18p4uxt,francophonie,17
18r4o3e,francophonie,17
18w4jfb,francophonie,17
18ia0w9,francophonie,17
16vce90,francophonie,17
17srut1,francophonie,17
180mjsi,francophonie,17
180msvv,francophonie,17
18oa7yj,francophonie,17
18kd2ws,francophonie,17
17s5u23,francophonie,17
18i9c99,francophonie,17
18hops5,francophonie,17
18gl6xg,francophonie,17
18jajeq,francophonie,17
18hoj7y,francophonie,17
18hodpk,francophonie,17
18bkx1d,francophonie,17
18bgnbe,francophonie,17
18cdet8,francophonie,17
181xudn,francophonie,17
17ca0u9,francophonie,17
186ml6s,francophonie,17
188klhd,francophonie,17
17wzmxn,francophonie,17
184dmng,francophonie,17
17wze5i,francophonie,17
17wzrdj,francophonie,17
17tre0p,francophonie,17
17p93s4,francophonie,17
17r8wgz,francophonie,17
17q7ke6,francophonie,17
1suc8yz,france,18
1lpr0n6,france,18
1nfeyyx,france,18
15a8vyw,france,18
1pqlsws,france,18
1lktm2h,france,18
1pzi6hi,france,18
1im199p,france,18
1rabbnu,france,18
1s4xew8,france,18
1lidzfg,france,18
1s4wlw4,france,18
114e0fy,france,18
1rof0ad,france,18
1g48b3h,france,18
12csy2q,france,18
1pdz39d,france,18
1q7mcad,france,18
14peh0c,france,18
1lws0nc,france,18
m5kxle,france,18
1lqu21x,france,18
zwlkjj,france,18
1qhwsr1,france,18
1rbfwn3,france,18
1qkrtq4,france,18
jgl84e,france,18
l1v347,france,18
xk7uo0,france,18
1d8offt,france,18
8n6x3s,france,18
8zune6,france,18
tuigm2,france,18
83em1z,france,18
8m089h,france,18
17czuik,france,18
11a9pwr,france,18
swaij2,france,18
1bvjmgm,france,18
ml6tfy,france,18
vd2qqh,france,18
15hwdky,france,18
1louyid,france,18
meh6b8,france,18
fy2p7f,france,18
1c0h6qv,france,18
161vpoq,france,18
10loyb9,france,18
18jyht1,france,18
1eahmzg,france,18
lp5f2u,france,18
181y4rx,france,18
pt7fzz,france,18
9ve83u,france,18
18cabd1,france,18
q4ppb6,france,18
5u0yx7,france,18
1hqhe8n,france,18
d5yj8l,france,18
5ar97d,france,18
13y6y7v,france,18
fl6pbu,france,18
2e2os9,france,18
1n29zvi,france,18
evtrx4,france,18
93d57n,france,18
3pszvd,france,18
ceqpay,france,18
16icokg,france,18
hojmh7,france,18
10gs3zg,france,18
i0k0k5,france,18
1lkvwgy,france,18
79528b,france,18
6ctng1,france,18
8uwqzt,france,18
9krhfl,france,18
1i1glkr,france,18
152u6w6,france,18
ae4vrk,france,18
1lxzhs4,france,18
558n00,france,18
qqnm18,france,18
vskks,france,18
aephtl,france,18
1ozf5qw,francophonie,18
1lnkdjr,francophonie,18
1q8dehd,francophonie,18
1ndappw,francophonie,18
1lnl6nc,francophonie,18
1kq99jd,francophonie,18
1aszv6y,francophonie,18
1c4yhit,francophonie,18
15kosj0,francophonie,18
12ahekq,francophonie,18
xp3dns,francophonie,18
vyr2ez,francophonie,18
qve6b0,francophonie,18
kz90ac,francophonie,18
fy2oj3,francophonie,18
ddqpea,francophonie,18
7hg3yp,francophonie,18
18y7lpi,francophonie,18
1bprhnx,francophonie,18
1496bbe,francophonie,18
1as5bg0,francophonie,18
1b9py2e,francophonie,18
1bjiqz4,francophonie,18
17w0mo4,francophonie,18
1b9ypda,francophonie,18
18ud4q6,francophonie,18
186mjkp,francophonie,18
17iannx,francophonie,18
1aqpi80,francophonie,18
174ncsh,francophonie,18
18vn34a,francophonie,18
1akipte,francophonie,18
1994hrx,francophonie,18
1agz31y,francophonie,18
18nj44y,francophonie,18
16pjo9s,francophonie,18
1994lra,francophonie,18
1903ls9,francophonie,18
18jolzj,francophonie,18
18i9h8d,francophonie,18
18ktaz7,francophonie,18
16x8a98,francophonie,18
179bbei,francophonie,18
17ho3bw,francophonie,18
18ct27d,francophonie,18
17nli9l,francophonie,18
17yu2b0,francophonie,18
18538if,francophonie,18
186lcv4,francophonie,18
173of82,francophonie,18
17zkjfy,francophonie,18
184a09p,francophonie,18
1845zqp,francophonie,18
17l9cfg,francophonie,18
17wj1ur,francophonie,18
17g4xur,francophonie,18
17dp77a,francophonie,18
1owwg9n,france,19
1qj6om2,france,19
1qczd1g,france,19
1sk3m6l,france,19
1ns3gi4,france,19
1i66ogv,france,19
1f4wdfl,france,19
1dkzwoh,france,19
1da7njk,france,19
1hwi09l,france,19
8thivx,france,19
1iwdhfd,france,19
1qeu1wt,france,19
twqbiv,france,19
v6qwzm,france,19
1nabpfj,france,19
bdrtng,france,19
14jnqwd,france,19
1jcudse,france,19
1gk5aqh,france,19
piugjq,france,19
17n2jzw,france,19
dlyr5s,france,19
1d1qdq9,france,19
1iun1kw,france,19
112u3yl,france,19
1pgmijn,france,19
47ia4p,france,19
tgx9do,france,19
10wv3eo,france,19
1peyxlj,france,19
u175uu,france,19
1sfql8i,france,19
1aejqeg,france,19
1gh1x3r,france,19
jbtcwk,france,19
fx3xjv,france,19
8bxi3w,france,19
zgzt0a,france,19
q5ysp8,france,19
qy9h6x,france,19
1kwtd72,france,19
1qtryqi,france,19
12decva,france,19
qtqqh5,france,19
2b2i70,france,19
1in284x,france,19
1dkl9d9,france,19
ho7nah,france,19
18akrnj,france,19
qqzv8s,france,19
ws6jxa,france,19
bhowol,france,19
1qg4ydc,france,19
adae5b,france,19
nulmqc,france,19
nxvq3a,france,19
7d3zt0,france,19
1pdkeq0,france,19
119rjhv,france,19
18slya9,france,19
19c61q1,france,19
1myr3zi,france,19
valify,france,19
1mmdxdf,france,19
d8r9xm,france,19
1omiph5,francophonie,19
1ben3cs,francophonie,19
tq9ql5,francophonie,19
azzpfa,francophonie,19
1sx7qgw,francophonie,19
1qu8m5h,francophonie,19
1owy5j3,francophonie,19
1pm75ub,francophonie,19
1o7q2x6,francophonie,19
1ke82uh,francophonie,19
1jbzbnk,francophonie,19
1al43u9,francophonie,19
16e7s2x,francophonie,19
177lcz9,francophonie,19
134n3l2,francophonie,19
16chxuz,francophonie,19
1blo6d1,francophonie,19
1bcuigb,francophonie,19
1anh93u,francophonie,19
1bjyqro,francophonie,19
1aofsdm,francophonie,19
17zn0im,francophonie,19
16zjc06,francophonie,19
17zqr7n,francophonie,19
17d077w,francophonie,19
18y85v6,francophonie,19
1ajgxwq,francophonie,19
16kmu0r,francophonie,19
1aqryg1,francophonie,19
18jotju,francophonie,19
1ajj42n,francophonie,19
1ah0e99,francophonie,19
1agzeig,francophonie,19
17s0lcp,francophonie,19
18kixym,francophonie,19
18tnkph,francophonie,19
195eo0f,francophonie,19
18v55p3,francophonie,19
1afitmc,france,20
17uzwv9,france,20
16vi53c,france,20
1o910np,france,20
a3m7au,france,20
1fy3t6h,france,20
hfj7qz,france,20
a5ss93,france,20
94s2ry,france,20
1jc8doo,france,20
5ing61,france,20
xo476c,france,20
xg2sys,france,20
x1ng5s,france,20
74v0tg,france,20
9w971b,france,20
dc78wc,france,20
1dgwae8,france,20
g4nxk5,france,20
1corcr4,france,20
v8gd7u,france,20
ut1w2k,france,20
438qdk,france,20
pu3wbk,france,20
zvy2tn,france,20
8rtdev,france,20
tff4oo,france,20
73fwq3,france,20
3rww9o,france,20
1xm9ft,france,20
170fc85,francophonie,20
18mrsc2,francophonie,20
18rc9to,francophonie,20
18i38xr,francophonie,20
180hb5x,francophonie,20
13seli6,francophonie,20
15wfjod,francophonie,20
12ynguc,francophonie,20
132rtf2,francophonie,20
12qkylt,francophonie,20
132n7xl,francophonie,20
12swxs5,francophonie,20
zuvven,francophonie,20
xzh765,francophonie,20
wnfaz5,francophonie,20
1pfm6eu,france,21
1rtbzgc,france,21
1kz19te,france,21
s6y1k2,france,21
13ju5kw,france,21
1q4q3or,france,21
ajldzr,france,21
q6gnqh,france,21
1juze39,france,21
1jl0adx,france,21
1s2bonu,france,21
qc2lzn,france,21
15ffsmu,france,21
jrjcgw,france,21
152psh8,france,21
1lvq9jg,france,21
11e0oqx,france,21
eo40n4,france,21
1hnndcr,france,21
96pkb3,france,21
1r65d64,france,21
1jlc1df,france,21
arn3mb,france,21
104updy,france,21
dwfmqg,france,21
x40f2a,france,21
121hlom,france,21
7xpi3g,france,21
fhdstg,france,21
e5kvnz,france,21
1pzbls0,france,21
1czrn2k,france,21
v2bfj2,france,21
1762vqk,france,21
10u97r9,france,21
ml8s52,france,21
1d2t9x7,france,21
y7flqf,france,21
1nogham,france,21
18pxdpb,france,21
3err0k,france,21
1d9defb,france,21
iguhj6,france,21
fji10d,france,21
1njhtof,france,21
f2715d,france,21
1obf6uu,france,21
7gfoqi,france,21
txev90,france,21
131lzz7,france,21
krjrvz,france,21
mfkofn,france,21
ae6t3b,france,21
1qm1r5m,france,21
71tia4,france,21
kfjwh1,france,21
m8cg12,france,21
102zk07,france,21
1m4iult,france,21
fkfxtw,france,21
1qh7cug,france,21
1ha7mzh,france,21
1q1e6uh,france,21
amql9l,france,21
lpuvub,france,21
1o6fuw1,france,21
e3rlhk,france,21
1qpn10u,france,21
whv4p3,france,21
1m34eik,francophonie,21
1pef3e6,francophonie,21
17k06ry,francophonie,21
142a1c9,francophonie,21
17nieyp,francophonie,21
18bcasp,francophonie,21
18608yt,francophonie,21
18q1315,francophonie,21
18fgddi,francophonie,21
180nzeq,francophonie,21
17a5lai,francophonie,21
17qjfkb,francophonie,21
17rkc1r,francophonie,21
1791ey5,francophonie,21
15j2pz9,francophonie,21
17g0vid,francophonie,21
177qlr4,francophonie,21
176x0ru,francophonie,21
16zj5r5,francophonie,21
11wowov,francophonie,21
13fcqcj,francophonie,21
12ql713,francophonie,21
z4hcoq,francophonie,21
10cfvrk,francophonie,21
10lt2gk,francophonie,21
10lq0pd,francophonie,21
zsjr52,francophonie,21
z6wm48,francophonie,21
1r1tiqi,france,22
11huqoo,france,22
17yckag,france,22
1nb0gug,france,22
isj1z0,france,22
1qdecph,france,22
11ey8z6,france,22
rvtgmr,france,22
1ssonai,france,22
e62zgs,france,22
1qnt4lu,france,22
1lhr2qg,france,22
1lpilhq,france,22
1qdi910,france,22
ha4om1,france,22
8upvzl,france,22
1ls7ybf,france,22
ea30og,france,22
1q96b6k,france,22
1hgjn5n,france,22
eo5006,france,22
16d3srr,france,22
6ng2qr,france,22
3schd5,france,22
1ko25wn,france,22
1nix6rd,france,22
ejdunf,france,22
1o8w5dz,france,22
68dw9p,france,22
1n7m037,france,22
1mst8sl,france,22
53mq3w,france,22
1md1s57,france,22
1k27tg8,france,22
l4i7ej,france,22
1debgw2,france,22
1jye6fe,france,22
jcberw,france,22
13c5obs,france,22
64xizb,france,22
1ihpo79,france,22
1kqd8xa,france,22
1g9eloj,france,22
14m4oke,france,22
15y9ex8,france,22
1ddi96d,france,22
6l8pej,france,22
16wyj2y,france,22
1i11ann,france,22
1hj9s5a,france,22
10azz4b,france,22
1cia37b,france,22
10f9jjw,france,22
adia3d,france,22
1gwgfse,france,22
1gc5enm,france,22
112hhpt,france,22
1gktp3b,france,22
1586vte,france,22
1h148x3,france,22
1crx10r,france,22
18hkqmo,france,22
1bi3jjx,france,22
178lxh6,france,22
fueee3,france,22
11wz0me,france,22
v3zw9e,france,22
say4xj,france,22
13fd1pa,francophonie,22
1jnlz07,france,23
1oizce9,france,23
1n6d412,france,23
1loz2kf,france,23
1l47zya,france,23
1bmmss6,france,23
15312zr,france,23
tj64pr,france,23
1d10shk,france,23
4kibjk,france,23
15isioa,france,23
knlr19,france,23
50ibsa,france,23
8b7gr3,france,23
9zgnix,france,23
8bqvkt,france,23
8wveig,france,23
73tccy,france,23
5zia5v,france,23
sxnj3u,france,23
y70bh7,france,23
y67acv,france,23
1gdha3r,france,23
1pqxg9a,france,23
1jmjhz5,france,23
zc3v10,france,23
1s622sq,france,23
1j1rf8d,france,23
1pet9xw,france,23
75o2tl,france,23
1m8zs6c,france,23
182tbwj,france,23
1lbz6gz,france,23
1eyhz0x,france,23
14nq474,france,23
f4qms4,france,23
ar7ec8,france,23
1b9tqw9,france,23
146zvpu,france,23
12s50vj,france,23
8i3zs8,france,23
1akcx06,france,23
1dpf9h8,france,23
18gn7la,france,23
1049976,france,23
12dddt7,france,23
uw0gg6,france,23
nys24t,france,23
ari3sz,france,23
66h9mf,france,23
d5f1h9,france,23
go6pl2,france,23
1lvbkkb,francophonie,23
1lbumx0,francophonie,23
1feub3j,francophonie,23
knlqii,francophonie,23
1nq29i0,francophonie,23
1h0naf9,francophonie,23
18bhh9b,francophonie,23
17r91qt,francophonie,23
qulnig,francophonie,23
18k11hj,france,24
x40j9m,france,24
1gluet4,france,24
1g6cqni,france,24
109t68i,france,24
1rgz1af,france,24
x6c8r8,france,24
oxyd6v,france,24
xm7yyg,france,24
1km8ijo,france,24
1n7t1i2,france,24
1ben4xw,france,24
1ijr7gd,france,24
1qgnkjt,france,24
1g0ca1k,france,24
123lveb,france,24
1455ths,france,24
6clqf4,france,24
1ae0xrq,france,24
1818f84,france,24
lx1vgg,france,24
1lnaa3b,france,24
1ggftpo,france,24
17fs39k,france,24
wp50za,france,24
16r8aq1,france,24
1l29u95,france,24
1px0wkk,france,24
1sdcpel,france,24
1e1iz84,france,24
1igqw7t,france,24
1m3pnm5,france,24
1pwvvqj,france,24
g8y3o6,france,24
imi2li,france,24
li83kz,france,24
1rav8tg,france,24
b1ecj1,france,24
10ar4tu,france,24
1p9k4yj,france,24
1m8wmlx,france,24
967yts,france,24
l5k8py,france,24
ejdjr5,france,24
1kpd8dv,france,24
1r130xh,france,24
1kmda67,france,24
v3412y,france,24
ulo9ot,france,24
mun21m,france,24
1r6jmns,france,24
eqb0h,france,24
1sys0yr,france,24
1qhxf21,france,24
3a1grd,france,24
31vl51,france,24
10ar69a,france,24
1r1vg9h,france,24
69ksmc,france,24
1s1va1n,france,24
1sal794,france,24
1i8sbuw,france,24
1sithhr,france,24
14mznfn,france,24
yvqklt,france,24
s8kcsj,france,24
8ukd74,france,24
1csntuz,france,24
1mdj68n,france,24
r7ia29,france,24
1spnkt7,france,24
1h6c44o,france,24
1plqvis,france,24
1r8ccuf,france,24
xpa8ir,france,24
br75o0,france,24
1nm3oh1,france,24
192zy7d,france,24
1q6vwuh,france,24
1qjocn3,france,24
1ohgn8t,france,24
1lhl4ii,france,24
190yp28,france,24
18oeukn,francophonie,24
1aim3u9,francophonie,24
1995ve0,francophonie,24
1brgcf5,francophonie,24
17o0js5,francophonie,24
17iawlp,francophonie,24
16a85oh,francophonie,24
181y8id,francophonie,24
195r29w,francophonie,24
1anl486,francophonie,24
17hoa26,francophonie,24
1bkuier,francophonie,24
1ackjao,francophonie,24
19epeh5,francophonie,24
195e8mq,francophonie,24
16htgir,francophonie,24
17dq75e,francophonie,24
186l8tl,francophonie,24
16v7q95,francophonie,24
18hox14,francophonie,24
188krlj,francophonie,24
189tufg,francophonie,24
18em1f5,francophonie,24
18fgvak,francophonie,24
187g4qk,francophonie,24
17s6v2z,francophonie,24
184e3hw,francophonie,24
186mhdi,francophonie,24
17u9mf8,francophonie,24
16y0qvf,francophonie,24
17p1eq5,francophonie,24
17y2c0r,francophonie,24
17svvfw,francophonie,24
17g54ko,francophonie,24
10mxok4,francophonie,24
17eggl8,francophonie,24
17dtush,francophonie,24
17ho5rx,francophonie,24
175eka1,francophonie,24
11q5nwm,francophonie,24
1744jgk,francophonie,24
1729dyz,francophonie,24
16rs6u9,francophonie,24
z3n2bd,francophonie,24
ywpoaw,francophonie,24
14a48ox,francophonie,24
144cn05,francophonie,24
12gw98e,francophonie,24
13vkidb,francophonie,24
13tvumk,francophonie,24
13sb7od,francophonie,24
13sdty3,francophonie,24
109wufc,francophonie,24
137fjhy,francophonie,24
12vijhs,francophonie,24
131nftw,francophonie,24
12gwtc1,francophonie,24
12vjdw9,francophonie,24
12vksn1,francophonie,24
1qp5y2u,france,25
1i7yh9h,france,25
1lk22jw,france,25
11dalu6,france,25
1lqpgq1,france,25
1lrl3rm,france,25
1k643iq,france,25
wnyvp2,france,25
15e9adj,france,25
yu7mq4,france,25
17bdh8a,france,25
12brpfm,france,25
136daux,france,25
17gqyos,france,25
vec520,france,25
13xd35y,france,25
1p62ymr,france,25
16cgp44,france,25
1sqxpn7,france,25
gpwapq,france,25
1kwlwe8,france,25
1of8aqg,france,25
1k9ry0u,france,25
1kvzwfx,france,25
cgtjqm,france,25
1170g85,france,25
70tyb7,france,25
1lzbd5g,france,25
w1fc4i,france,25
y7vnpu,france,25
d4ba7s,france,25
u1725f,france,25
5ij73u,france,25
1dr7p6o,france,25
whjlsz,france,25
126yspz,france,25
12ssj9h,france,25
munkj0,france,25
flx35c,france,25
kj9yic,france,25
mwv5qu,france,25
7ochcg,france,25
9ol266,france,25
oit39s,france,25
e5maon,france,25
2h6e28,france,25
1n2n1vi,francophonie,25
1ezcfgb,francophonie,25
18mcpij,francophonie,25
12cvhvs,francophonie,25
wjwke8,francophonie,25
wpoc3s,francophonie,25
uv7rco,francophonie,25
1mx0rsb,francophonie,25
18joqsp,francophonie,25
19eoy1h,francophonie,25
18mrxtj,francophonie,25
18d2p1k,francophonie,25
180nx0v,francophonie,25
17hjuf6,francophonie,25
17rfwdv,francophonie,25
17ckv6d,francophonie,25
12zjevs,francophonie,25
1313d0e,francophonie,25
132oc0k,francophonie,25
yu8yu0,francophonie,25
1rd9yix,france,26
1ktj5x9,france,26
1rcawrg,france,26
1qcs0yc,france,26
18wuwyn,france,26
1ngvc84,france,26
1si0a94,france,26
1iswcqa,france,26
nmud4m,france,26
z08fem,france,26
9mno6e,france,26
10uonu8,france,26
1oap7hx,france,26
1rznsvr,france,26
1srmu52,france,26
13kztxp,france,26
1klgqeh,france,26
1g83j28,france,26
18p4exy,france,26
1i5m6qi,france,26
1sxz12z,france,26
1ra4vtc,france,26
znaiu7,france,26
tyg26z,france,26
1dg0yts,france,26
xjbhsq,france,26
dnblhd,france,26
1gut8f7,france,26
8j6y4x,france,26
1dafkpi,france,26
1m5tooc,france,26
120uouk,france,26
1qisrex,france,26
ibcu2q,france,26
wycyn8,france,26
1efwjrz,france,26
13n6u9z,france,26
1miv7op,france,26
105yef6,france,26
1jkcw2a,france,26
9mzcvq,france,26
i0n5gc,france,26
1lomeea,france,26
1nexvca,france,26
lv2ls2,france,26
txj2le,france,26
nvbh3w,france,26
1ru8am6,france,26
1pzzaun,france,26
1s47azr,france,26
1p4nk1a,france,26
1k9xhcs,france,26
1281hx0,france,26
1lj94fo,france,26
7c62jb,france,26
1nu83so,france,26
1lxxudv,france,26
bxmyu8,france,26
1iixvvo,france,26
1pj2pqo,france,26
flyoyg,france,26
1ag3jzd,france,26
j9sy3n,france,26
62embp,france,26
11jitw6,france,26
i7rlrt,france,26
1mihwst,france,26
1acjpbe,francophonie,26
1beh8mn,francophonie,26
195w8db,francophonie,26
1ajihqi,francophonie,26
1aji02k,francophonie,26
1akd7pl,francophonie,26
18sbu84,francophonie,26
187ghw2,francophonie,26
17g5gsb,francophonie,26
18tksdh,francophonie,26
18he9jd,francophonie,26
18gzi0z,francophonie,26
18983zo,francophonie,26
17uy214,francophonie,26
173mnc4,francophonie,26
15qug5c,francophonie,26
17qjrht,francophonie,26
17c7ae5,francophonie,26
17aow7x,francophonie,26
17f78kf,francophonie,26
1791af0,francophonie,26
17cye3n,francophonie,26
17chatq,francophonie,26
17a4h3e,francophonie,26
17cfavw,francophonie,26
11945kv,francophonie,26
15wfdns,francophonie,26
12x5uwd,francophonie,26
12yifx8,francophonie,26
12vkgvs,francophonie,26
zhx9ym,francophonie,26
105ut3d,francophonie,26
zxmbj8,francophonie,26
zcff9z,francophonie,26
yxmt72,francophonie,26
ympewy,francophonie,26
iy2bft,francophonie,26
1omtvfj,france,27
1lrhamx,france,27
1gagde0,france,27
m5h2ks,france,27
1h5ujg5,france,27
l5djp3,france,27
fhk2vt,france,27
3q9eou,france,27
fk0cbe,france,27
1m183tv,france,27
jogf8j,france,27
1s9kmzd,france,27
1loaoov,france,27
12qe6r6,france,27
1o6atgl,france,27
e6f0rc,france,27
s0ep2s,france,27
6giyno,france,27
i3msyd,france,27
fqmsg2,france,27
figt2n,france,27
frmgqu,france,27
1ja0ns4,france,27
nhmo1w,france,27
1l80rbv,france,27
1gozh3k,france,27
iyumys,france,27
mpxraz,france,27
1cubufv,france,27
1j9rxig,france,27
1fd8o6t,france,27
qzmhg7,france,27
umehos,france,27
wtcent,france,27
n6i122,france,27
mckjmc,france,27
vgk4kj,france,27
y9pbe0,france,27
1dqj6mf,france,27
g5ky43,france,27
11l3gjg,france,27
la93c7,france,27
jivlvr,france,27
1b2a8ts,france,27
13lhwle,france,27
jkh3zx,france,27
17u7jn5,france,27
bd7wwu,france,27
6awrdj,france,27
mlwbui,france,27
jkrv3d,france,27
9eocv2,france,27
s8kxgt,france,27
bqwtsg,france,27
hgk0yr,france,27
jkrze6,france,27
r0kqab,france,27
fls9mk,france,27
pf1pew,france,27
veq5sm,france,27
m9eho9,france,27
a6yw2g,france,27
5ku91y,france,27
9cwku0,france,27
flx637,france,27
brrqig,france,27
5zy9kd,france,27
eu15v2,france,27
9hzn0r,france,27
465cbb,france,27
61axzl,france,27
irrxv6,francophonie,27
9cu072,france,28
1qkud9i,france,28
9y4e31,france,28
y9jfj9,france,29
v7ul64,france,29
rcetl2,france,29
13fhzph,france,29
12ddpq6,france,29
13vzorq,france,29
iyvzvz,france,29
oknoru,france,29
15d3csi,france,29
lm0xgx,france,29
137gmqe,france,29
121jajz,france,29
1er84xt,france,29
wmq4gv,france,29
ftllrc,france,29
v95jzy,france,29
6cna1l,france,29
a6yde4,france,29
17n4esf,france,29
nv9hr6,france,29
74ulmr,france,29
17ii2hd,france,29
wb2z5l,france,29
861k6n,france,29
2i3v7s,france,29
1qvlvxc,france,29
1sf62pi,france,29
196n1eh,france,29
6lrzd8,france,29
6ughno,france,29
1rt6d2o,france,29
1msmenf,france,29
6tzzi6,france,29
rzrsx7,france,29
t3cbqx,france,29
8hmdsh,france,29
ar6h7j,france,29
x67dzf,france,29
9xwy8o,france,29
9b1od2,france,29
uorpth,france,29
1m5qui7,francophonie,29
15lu2d2,francophonie,29
v8jpq9,francophonie,29
sqrcuv,francophonie,29
nv4089,francophonie,29
mrqhab,francophonie,29
13dkuds,francophonie,29
yhelbe,francophonie,29
yew101,francophonie,29
ojb4cb,france,30
nyq4wo,france,30
u0dwf0,france,30
12lq801,france,30
1syf21d,france,30
1krcbyz,france,30
1ipdkp5,france,30
1lgssgk,france,30
112vvj2,france,30
ctb8b7,france,30
1rtpwfg,france,30
1q77uke,france,30
dqbtcn,france,30
pc3h4n,france,30
15j43lf,france,30
10bojv6,france,30
8e6k9p,france,30
1kmfoup,france,30
1gmcgh7,france,30
66fsni,france,30
jia61d,france,30
m3bs8z,france,30
1rkphll,france,30
1qbjzxk,france,30
1pujygt,france,30
1f4b5wr,france,30
jpqv0v,france,30
riqfj6,france,30
1drbfvz,france,30
ittyao,france,30
wanv20,france,30
1amnwe6,france,30
xgtphy,france,30
1eqr741,france,30
whnjn2,france,30
10sg9d9,france,30
1ipadvs,france,30
1m0pqg1,france,30
fgo3lf,france,30
17uce4d,france,30
1csfpit,france,30
l25gdq,france,30
g4ewn0,france,30
711t5y,france,30
68l0ln,france,30
1b1jhg2,france,30
18sznlx,france,30
1hyzp7t,france,30
6q9xp0,france,30
1g8qt3a,france,30
1ebs243,france,30
dfk9iz,france,30
rp43h1,france,30
19ayc6c,france,30
1fzrqe1,france,30
1axghys,france,30
1bqui38,france,30
12zodvi,france,30
1nqv1j0,francophonie,30
17wzgt0,francophonie,30
18q0me8,francophonie,30
17g52dg,francophonie,30
175mczu,francophonie,30
17dp4xg,francophonie,30
17da4nk,francophonie,30
15qtbrv,francophonie,30
107ai30,francophonie,30
zhtj3j,francophonie,30
gvqoq3,france,31
cl3tzg,france,31
ih08v3,france,31
k603y6,france,31
9n8nap,france,31
1ib5egz,france,31
ici56t,france,31
iotgaz,france,31
10emso6,france,32
11irsxz,france,32
1hx8x8q,france,32
1iyug40,france,32
xr4cyd,france,32
rir6v3,france,32
pb8yww,france,32
x93zqn,france,32
191zmco,france,32
zac957,france,32
azk9wf,france,32
s8gkdj,france,32
wwtpd0,france,32
16ul3yh,france,32
tjd9sg,france,32
y2unrx,france,32
vyq0jh,france,32
v5a8iu,france,32
zgt2jj,france,32
321shc,france,32
11rusfi,france,32
y3ojmz,france,32
11vrlso,france,32
g2bytp,france,32
18gpia4,france,32
4kvrdi,france,32
qpcpda,france,32
qg7f5j,france,32
1kxdu77,france,32
gd8rcb,france,32
o7toq9,france,32
gksuau,france,32
bbxmcl,france,32
1hfhac4,france,32
ezpyag,france,32
pyiy57,france,32
4h6s4d,france,32
9mrp1j,france,32
jzldwr,france,32
t2m2sp,france,32
sbmf6b,france,32
1m5hb1j,france,32
19blujd,france,32
z2t1dd,france,32
112d7gi,france,32
vy62fx,france,32
tulwnl,france,32
1poeu11,france,32
4keg77,france,32
1md5ss3,france,32
17iae01,france,32
10cx7gi,france,32
1cac9tl,france,32
95ko1b,france,32
9bt0lu,france,32
zalgtq,france,32
10jopb1,france,32
zeb5v6,france,32
110c52b,france,32
1cf6ni3,france,32
1gpv0ke,france,32
tj9grk,france,32
xr31ed,france,32
kslmtn,france,32
puk6sq,france,32
plkpyx,france,32
elbwld,france,32
ya0vz3,france,32
pu5seb,france,32
s3vm5c,france,32
l769em,france,32
615460,france,32
16gqjvl,france,32
1j49sfh,francophonie,32
1katfve,francophonie,32
15mia1y,francophonie,32
xwsryq,francophonie,32
whlcrv,francophonie,32
1bpqxt5,francophonie,32
177kxnq,francophonie,32
18sys0u,francophonie,32
18n2ri8,francophonie,32
186lkq4,francophonie,32
180gs5o,francophonie,32
17ykgu1,francophonie,32
17qjtu2,francophonie,32
16e5828,francophonie,32
izsgni,francophonie,32
1q9w17h,france,33
1qjsii6,france,33
1mxiec8,france,33
8lw08j,france,33
yibcjz,france,33
1kamfwx,france,33
wy39bp,france,33
pezlht,france,33
1id18ec,france,33
1icbj4w,france,33
83f25c,france,33
oon4a8,france,33
6yjfcy,france,33
1oix0j8,france,33
7myqzz,france,33
pqsmie,france,33
s6viqn,france,33
1kthgc8,france,33
12p6nlt,france,33
ylgzxo,france,33
folx5c,france,33
l0kqeb,france,33
n5jatz,france,33
dexel2,france,33
41p2uz,france,33
yyifu6,france,33
s0lfxs,france,33
1bdrv5j,france,33
mhhicw,france,33
k577mi,france,33
sit78i,france,33
eua0wf,france,33
1fpxjmh,france,33
rtqq9p,france,33
1bdljph,france,33
1msdabb,france,33
9iswb7,france,33
1awlo4p,france,33
qol0qg,france,33
h9dp2s,france,33
1scd5bd,france,33
1cu0aj5,france,33
fgbezz,france,33
41qfg7,france,33
1knvqry,france,33
u1stp9,france,33
15tkvmf,france,33
1g2zhjt,france,33
ptqhaw,france,33
1qan5pt,france,33
rtuung,france,33
r7flie,france,33
1p2yeuc,france,33
rdtec3,france,33
fcaghn,france,33
tj5mon,france,33
flhf5m,france,33
ffsbpi,france,33
rt15y0,france,33
16pkcq2,francophonie,33
186n4c0,francophonie,33
17g5slm,francophonie,33
16ysshv,francophonie,33
17vusou,francophonie,33
17xhitq,francophonie,33
17q7ckw,francophonie,33
16d4mmj,francophonie,33
164rpz4,francophonie,33
z6tf3q,francophonie,33
13hilrj,francophonie,33
13awlh9,francophonie,33
11oof25,francophonie,33
11fz3md,francophonie,33
10ww7ko,francophonie,33
10ef5bk,francophonie,33
y57x33,francophonie,33
zcmrow,francophonie,33
z6wyy8,francophonie,33
ykmuv3,francophonie,33
wxj8ki,francophonie,33
12m1wgz,france,35
12o315k,france,35
10pisjx,france,35
12p9mzj,france,35
10o0u9n,france,35
11swh9c,france,35
13igcdn,france,35
115kdqw,france,35
11zdohu,france,35
e3ehbz,france,35
10f9eqa,france,35
1j7w2rf,france,35
121tiuj,france,35
11mbhhs,france,35
1083d63,france,35
10nbec0,france,35
13bhtuu,france,35
e4ywaj,france,35
143d0ua,france,35
e5e2aq,france,35
11marvj,france,35
11zdm9m,france,35
106htar,france,35
109dle6,france,35
e94ixf,france,35
13wezig,france,35
12kid2q,france,35
105of9u,france,35
ea2jip,france,35
10jb309,france,35
11t3igh,france,35
13ww9my,france,35
13edi9y,france,35
f69ncu,france,35
tcdy59,france,35
125j6of,france,35
10z13f7,france,35
echy7t,france,35
11oha77,france,35
11wowlb,france,35
1dbt8zf,france,35
zmdnn0,france,35
e3g5q5,france,35
114r0wo,france,35
108jho8,france,35
edwwgn,france,35
109060s,france,35
1085vco,france,35
ceshxz,france,35
eynxpz,france,35
1deh5x0,france,35
108au1g,france,35
txu6iw,france,35
11wwgwj,france,35
11txcv3,france,35
ee9n9o,france,35
el8xqn,france,35
bepsxe,france,35
11s17mi,france,35
1c3qkzj,france,35
eyul8b,france,35
ea9bpv,france,35
141gi0z,france,35
14dmbhp,france,35
u1uv83,france,35
11lv4dm,france,35
114j6i4,france,35
xymafi,france,35
11s1mwn,france,35
126ms18,france,35
11d7ubq,france,35
t9rxro,france,35
bxkheg,france,35
107k677,france,35
10f72tg,france,35
esq6p1,france,35
12ezowh,france,35
11zldij,france,35
11tuxpn,france,35
122kkoa,france,35
109wvby,france,35
e5ui60,france,35
124p7cf,france,35
11q71hx,france,35
usyrk1,france,35
etxpnm,france,35
e6ax6h,france,35
10ou65s,france,35
1ao3cy1,francophonie,35
120sr6e,francophonie,35
17ccflo,francophonie,35
13z4905,francophonie,35
11lfciv,francophonie,35
11ee61o,francophonie,35
y1b9q2,francophonie,35
1rw50ee,france,37
mai7eq,france,37
1kvobxy,france,37
myq7qn,france,37
17nfb1w,france,37
33otbl,france,37
19f7ecz,francophonie,37
1as4xpw,francophonie,37
185yzts,francophonie,37
15krhgh,francophonie,37
17hjn2y,francophonie,37
179wux9,francophonie,37
1791izf,francophonie,37
170l9pf,francophonie,37
16vd6oq,francophonie,37
16hhee9,francophonie,37
14945l9,francophonie,37
14a4coz,francophonie,37
11j4n7z,francophonie,37
10td81j,francophonie,37
111agco,francophonie,37
zy2ssi,francophonie,37
11jdw4c,france,38
t9h37p,france,38
ullr4v,france,38
11rbj7x,france,38
199lpii,france,38
16ca2qs,france,38
wvyxjh,france,38
10vzejp,france,38
ys1f1z,france,38
svfoic,france,38
5ls4eh,france,38
trz6tx,france,38
1i3do0y,france,38
tqs9hv,france,38
tngso3,france,38
1l7se5k,france,38
yty2zl,france,38
tsszug,france,38
tvv6l3,france,38
1lfxh0w,france,38
thqmny,france,38
1hy04tq,france,38
ty61qq,france,38
15cxyur,france,38
twno29,france,38
1d7c185,france,38
tko0oa,france,38
1ebtarw,france,38
1elhzdn,france,38
u28xy6,france,38
xex9ql,france,38
12ocqg4,france,38
4sh0tc,france,38
u1a0we,france,38
dioiij,france,38
zwdt7q,france,38
tga5wh,france,38
uvvzyu,france,38
v3bd7k,france,38
smzl0y,france,38
wo5be0,france,38
tne29w,france,38
xmd3mb,france,38
k9tt6x,france,38
tu5kvn,france,38
1aq0wn0,francophonie,38
wf2346,francophonie,38
wy04r2,francophonie,38
18crzkr,francophonie,38
195qf4w,francophonie,38
186m1z9,francophonie,38
186mde8,francophonie,38
16cw8gk,francophonie,38
18fh1qp,francophonie,38
181yt3j,francophonie,38
180o1j9,francophonie,38
178bf8r,francophonie,38
17wmvg8,francophonie,38
17vv5od,francophonie,38
17can30,francophonie,38
17kpy4c,francophonie,38
17cynwv,francophonie,38
175bp6w,francophonie,38
16smogb,francophonie,38
165fb4w,francophonie,38
zasifl,francophonie,38
10te1kt,francophonie,38
11fdksb,francophonie,38
11f3eeg,francophonie,38
11b87lm,francophonie,38
10uli5k,francophonie,38
y3rzcj,francophonie,38
10ihoa3,francophonie,38
10q30di,francophonie,38
zryrqz,francophonie,38
xmh6ll,francophonie,38
y7sgen,francophonie,38
wmkpt6,francophonie,38
xdp6gr,francophonie,38
w4l7b3,france,39
1smzxog,france,39
13i4svg,france,39
16o9ehf,france,39
11e409a,france,39
12dri6t,france,39
vo65bw,france,39
11d7zw6,france,39
131ji0g,france,39
1cyrov7,france,39
1hyiyks,france,39
163mu5b,france,39
1dbpd5d,france,39
16g0xjy,france,39
13nr2lt,france,39
13k1fqx,france,39
18j02eh,france,39
g2idz0,france,39
pov23z,france,39
1ls2kso,france,39
fguory,france,39
alczp8,france,39
alq3f2,france,39
1fbxury,france,39
mqm14i,france,39
fhxqf7,france,39
11cfl1w,france,39
1lg8edj,france,39
1m91l87,france,39
1nhdbex,france,39
x57627,france,39
340itv,france,39
1bdakef,france,39
1k2u7y8,france,39
1eggq7w,france,39
18dji17,france,39
10ptgx2,france,39
17olzxc,france,39
90ga1w,france,39
u6wyq8,france,39
fhz1tr,france,39
18g5a25,france,39
us26sy,france,39
z6t1gp,france,39
yddfgd,france,39
y8v06b,france,39
10r1m8y,france,39
1e4ks0l,france,39
1fcv2tf,france,39
sdx1zh,france,39
mjgb76,france,39
1aff1eg,france,39
1dp7lq4,france,39
wxqe1u,france,39
ta9hzg,france,39
zefq0o,france,39
17a2dvq,france,39
zyezwp,france,39
10k12o9,france,39
3d5gtr,france,39
xs6spm,france,39
csm2pt,france,39
xl6g1c,france,39
x1tmzz,france,39
u2w1gt,france,39
bzb17g,france,39
a2zpof,france,39
2q62xj,france,39
1q8mkok,francophonie,39
17f8e7i,francophonie,39
18v49ec,francophonie,39
181y11r,francophonie,39
17zke8j,francophonie,39
17r8ywj,francophonie,39
17hjr3w,francophonie,39
17gt48g,francophonie,39
12gwpn6,francophonie,39
12o3f3q,francophonie,39
13aw8ny,francophonie,39
12oespk,francophonie,39
120fq4u,francophonie,39
1176lct,francophonie,39
zwbcm1,francophonie,39
yrb5ve,francophonie,39
z2wg3i,francophonie,39
zcf7zw,francophonie,39
xi1day,francophonie,39
ybjgjo,francophonie,39
1hrsn74,france,40
zcq6um,france,40
1pw2rqh,france,40
1hvpi1h,france,40
lpkviw,france,40
13rmhyo,france,40
1fztvth,france,40
19562p7,france,40
bsja0x,france,40
18jwnqu,france,40
1q21n6s,france,40
12fpn6i,france,40
qffqm2,france,40
tzjv11,france,40
177uh6e,france,40
6t96ec,france,40
aosx6d,france,40
1onydfe,france,40
qqou2m,france,40
35owc4,france,40
118trfu,france,40
1b8cx6y,france,40
ybi13h,france,40
pekj2t,france,40
1daz7gt,france,40
4m7v8k,france,40
fiybcu,france,40
sqrsf0,france,40
n79v3,france,40
t1991p,france,40
wb29ee,france,40
rmxsrq,france,40
1rrseuk,france,40
qkc9ob,france,40
1nwvfm8,france,40
1rat6ox,france,40
8h6l9c,france,40
1jnzdy2,france,40
fkldua,france,40
1ao4hr2,france,40
1f72a4j,france,40
yk7f0z,france,40
17fab58,france,40
1p06cgi,france,40
1o17n4f,france,40
1cusgbb,france,40
1nzf1wi,france,40
1im2tam,france,40
1n80kbv,france,40
rvq046,france,40
9aotrf,france,40
1o2t5yg,france,40
1mi4i3n,france,40
1ha5uf5,france,40
sjxrk3,france,40
1lo23v1,france,40
1mei15u,france,40
16sp2dr,france,40
p9uw35,france,40
11mrjs6,france,40
yyf3mh,france,40
owxain,france,40
1jee6nr,france,40
smkm1j,france,40
brmib7,france,40
1i11tx2,francophonie,40
1cow4pc,francophonie,40
18lfe9z,francophonie,40
18r3utj,francophonie,40
17cf1ne,francophonie,40
17jx18j,francophonie,40
12vko0o,francophonie,40
13awtoy,francophonie,40
12oedgl,francophonie,40
ylt6sd,francophonie,40
yok97w,francophonie,40
ij8qio,francophonie,40
1jim3gj,france,41
1qxdb60,france,41
1pasmbq,france,41
v7iaoe,france,41
1l2kjvv,france,41
1lumn3f,france,41
1m0ckky,france,41
fhepc7,france,41
1d8kd43,france,41
4tfmoj,france,41
351qdk,france,41
oq3df1,france,41
161d2au,france,41
peeucn,france,41
1r0uop7,france,41
we8icr,france,41
raut39,france,41
p0vx4n,france,41
101aehd,france,41
1rotuec,france,41
rek0w8,france,41
ry3nne,france,41
9ipva2,france,41
r7knn3,france,41
hjdm2t,france,41
m0aaur,france,41
1l9u2my,france,41
1r7l1bb,france,41
s5dzze,france,41
aou0rm,france,41
1lxsvbn,france,41
mkefb8,france,41
1rogd55,france,41
579g29,france,41
fmbrtd,france,41
jm32gj,france,41
oc48n5,france,41
o18i8w,france,41
10iplkg,france,41
jjwuzn,france,41
1i81a29,france,41
1bvrt4h,france,41
1hvo0zx,france,41
1180hws,france,41
9i7ot6,france,41
1j5jitq,france,41
6684pv,france,41
170inab,france,41
piezlr,france,41
zqj2oc,france,41
1dhvt8s,france,41
tzq230,france,41
x5x6ac,france,41
8eaxjl,france,41
18v4q9i,francophonie,41
1ath8xx,francophonie,41
1bdoho9,francophonie,41
199v5nt,francophonie,41
17rfln4,francophonie,41
1bacba5,francophonie,41
16cci0i,francophonie,41
19beihz,francophonie,41
1bewdxd,francophonie,41
16ke5mv,francophonie,41
18c0edo,francophonie,41
1aqp0no,francophonie,41
1akhn9s,francophonie,41
16p7zot,francophonie,41
1as5qzu,francophonie,41
1lfvi3m,france,42
1nojzpd,france,42
zd64up,france,42
xx8h0w,france,42
xhmdpu,france,42
tye0kt,france,42
kp0re0,france,42
ecfmdx,france,42
sg3lfk,france,42
tfex6r,france,42
ictrw8,france,42
j1069i,france,42
9bhywi,france,42
1da927o,france,42
159g1b5,france,42
l79sl5,france,42
13cjg9f,france,42
1dadxjg,france,42
5srv8q,france,42
qlponw,france,42
17y2d6p,france,42
w524xy,france,42
a151zv,france,42
u8o54e,france,42
uxeake,france,42
eup1di,france,42
js5av6,france,42
1dlchla,france,42
s427nc,france,42
u45mul,france,42
ixrd8y,france,42
e5xiiq,france,42
twtj3l,france,42
qm3zs5,france,42
eks8lr,france,42
dyj4xf,france,42
y09nwo,france,42
9trq9c,france,42
rwmqxx,france,42
pvl8c7,france,42
dthkqo,france,42
83of25,france,42
64k0up,france,42
5bsjo1,france,42
ew9bu2,francophonie,42
18v4gph,francophonie,42
186kpuv,francophonie,42
ya0oo0,francophonie,42
1c0lloj,france,43
1igmw0o,france,43
fviobo,france,43
1mcqw1b,france,43
17iamqo,france,43
1cdi9mx,france,43
1lz4t29,france,43
u80a3u,france,43
1crid3e,france,43
ia99vr,france,43
9b8c4p,france,43
cue8ed,france,43
17qqpls,francophonie,43
178hc7m,francophonie,43
1phe0pu,france,44
mtfpga,france,44
rri8xa,france,44
obpuh8,france,44
ohz00h,france,44
k624c4,france,44
obsrfj,france,44
1b8creq,france,44
kc99mr,france,44
16zt3tl,france,44
rr8ahf,france,44
ko9dyf,france,44
kt8gmt,france,44
sii340,france,44
kjm1a3,france,44
op3cu9,france,44
qn5bzy,france,44
r0bzft,france,44
15o4636,france,44
nh21mm,france,44
lfzbmy,france,44
r1vvup,france,44
1phahga,france,44
nbgk37,france,44
t8k9bm,france,44
kgrai2,france,44
o4diru,france,44
jvpzh0,france,44
m1ethl,france,44
vqndkq,france,44
pnawuz,france,44
kyt8fg,france,44
rworgg,france,44
imc2uz,france,44
n0dmbg,france,44
pjmyno,france,44
yomwdv,france,44
seor6s,france,44
p19ls2,france,44
ksik3u,france,44
o6lnfo,france,44
mo3jua,france,44
krnvhz,france,44
l4vujj,france,44
kt1iuf,france,44
kixuic,france,44
k90kjc,france,44
1dpmd6j,france,44
bnoy8x,france,44
oomes0,france,44
a3rf6,france,44
1ncftmo,france,44
w9esue,france,44
n2ckjs,france,44
p7iocm,france,44
old392,france,44
13i72vg,france,44
zx78lo,france,44
rpj0v2,france,44
mhrbt0,france,44
mss81s,france,44
r1yxhd,france,44
1e6gxpc,france,44
qo5r1s,france,44
nquxge,france,44
mdj0lc,france,44
s2zl4w,france,44
fp6tij,france,44
rxlufc,france,44
1nhf5mw,francophonie,44
1bpr1pd,francophonie,44
18ah4jw,francophonie,44
17l94kp,francophonie,44
168elrj,francophonie,44
15xlqhu,francophonie,44
16k5rp4,francophonie,44
131nq93,francophonie,44
10w4phk,francophonie,44
y2uqw1,francophonie,44
yzy7g7,francophonie,44
j29je4,francophonie,44
130hy1l,france,45
14wo22a,france,45
zmjuhx,france,45
16ugxlr,france,45
14jateg,france,45
1aeq6f6,france,45
191lgbs,france,45
16upbwq,france,45
c5oat5,france,45
1htc6ow,france,45
ovsuej,france,45
1madrnd,france,45
13130cj,france,45
phrd2s,france,45
vhn3ne,france,45
6ho431,france,45
1bdtnx3,france,45
15lunx9,france,45
xk04ig,france,45
8w2awd,france,45
9b8uhu,france,45
4t9u5n,france,45
69twpr,france,45
14a4lgz,francophonie,45
1dc1d9n,france,46
1qdljdd,france,46
1eauomt,france,46
1dcf2fh,france,46
1k5bkkx,france,46
1imwlav,france,46
1qaqati,france,46
1gbv39k,france,46
1e3s5hh,france,46
u5imm7,france,46
11sbdcc,france,46
14lwal3,france,46
10ozpbg,france,46
1dhvl4n,france,46
12pmju1,france,46
yqkrxy,france,46
1n2ko37,france,46
1met49u,france,46
1f9k578,france,46
124sqph,france,46
156mub1,france,46
12ee5ls,france,46
1aewo2e,france,46
1ij0hgz,france,46
1dlu8wq,france,46
8ybj73,france,46
ypkenn,france,46
17rz7zt,france,46
15a8prv,france,46
btbfi4,france,46
1h43ail,france,46
1f3443m,france,46
1dce6tz,france,46
1fv7cc5,france,46
1dgfoey,france,46
1gaxvyj,france,46
123oj7s,france,46
19292qm,france,46
1dciusk,france,46
11xwpn3,france,46
11s5x0w,france,46
1seuh00,france,46
ice0kk,france,46
1dywnc4,france,46
ulp0es,france,46
xx6ccb,france,46
12lq3tk,france,46
adik0y,france,46
1epo7f9,france,46
1dczefz,france,46
907lnw,france,46
58ysn8,france,46
2w86e7,france,46
13voob9,france,46
1h50c4x,france,46
1n00mwq,france,46
1jacozo,france,46
1klipsg,france,46
6s4yk2,france,46
1ncwrna,france,46
1r8bfym,france,46
11szwem,france,46
1ft3bdf,france,46
16gr6us,france,46
ynrjsu,france,46
anoqse,france,46
q1z1tr,france,46
11ok2qd,france,46
tcd4ea,france,46
1e4pzmv,francophonie,46
18vhgav,francophonie,46
18tkd9z,francophonie,46
17eiakh,francophonie,46
1b9sch0,francophonie,46
1b9sxdk,francophonie,46
1bg4123,francophonie,46
1bjz2ok,francophonie,46
1annt6e,francophonie,46
18ww0tj,francophonie,46
18uil8k,francophonie,46
1am2aa6,francophonie,46
1arcw8y,francophonie,46
1ajjbr9,francophonie,46
1aq1vss,francophonie,46
19eor6q,francophonie,46
1aof953,francophonie,46
16v762m,francophonie,46
1ao2y4u,francophonie,46
1akxo26,francophonie,46
1akiuyh,francophonie,46
1akifm8,francophonie,46
1am1bo0,francophonie,46
18w3yia,francophonie,46
17o8mtz,francophonie,46
199ts0c,francophonie,46
18y7u0t,francophonie,46
18iuqhn,francophonie,46
18gmv74,francophonie,46
186n1dn,francophonie,46
17l1oyi,francophonie,46
176ubug,francophonie,46
176wy47,francophonie,46
1796igl,francophonie,46
16r0gyf,francophonie,46
15su48d,francophonie,46
16gr6ue,francophonie,46
15wcsc1,francophonie,46
1495e2s,francophonie,46
130jjlk,francophonie,46
139ojd7,francophonie,46
11fz8xh,francophonie,46
11m0jps,francophonie,46
114kq6q,francophonie,46
1elarbx,france,47
1c21byc,france,47
1efnhye,france,47
1e9k9a7,france,47
1e5ok5h,france,47
1efayex,france,47
1ehg8fx,france,47
1ak60m3,france,47
1aivqtm,france,47
13eky2c,france,47
17h47lj,france,47
1eptigv,france,47
1c0t3sx,france,47
1hxbe2s,france,47
186j9k3,france,47
1ebpsok,france,47
1eny8p8,france,47
ze12xr,france,47
1bpsc5l,france,47
1co8ccx,france,47
1hc3gcw,france,47
1c3qnq1,france,47
1b7ee96,france,47
1l72s05,france,47
196fq04,france,47
155kxt6,france,47
1b3mmao,france,47
199y5hj,france,47
6zwa36,france,47
1hdi0kn,france,47
1ee6eul,france,47
1bvupup,france,47
1e81mgl,france,47
w8et95,france,47
1c4sj07,france,47
1bj8m0n,france,47
1mc6322,france,47
1ekjjwe,france,47
1ek47ig,france,47
1elhpc6,france,47
1j3kjt2,france,47
1e5htqp,france,47
d9wvlq,france,47
18vzkmg,france,47
1ep2jor,france,47
1blsbzn,france,47
1ee7svn,france,47
1epnvej,france,47
196e0pm,france,47
1eftexl,france,47
16tlycw,france,47
17bdilh,france,47
1ehn3st,france,47
1c6vp3p,france,47
1ak5mhd,france,47
1eqbcee,france,47
p1q2yw,france,47
1ei3rkv,france,47
1cidi5e,france,47
1eg7v4g,france,47
1ejuwk0,france,47
z217fn,france,47
1azpvx6,france,47
1bmj13o,france,47
1bupp91,france,47
1dv87gw,france,47
1iq0dp6,france,47
yvw5nm,france,47
1bpy1xg,france,47
17jppj6,france,47
1b8qmy7,france,47
1eddctw,france,47
1bh735v,france,47
14t6i25,france,47
11nj3q3,france,47
1ejbu1m,france,47
1dobijv,france,47
6vec64,france,47
14e5zwh,france,47
1e0hgnf,france,47
1edaz1f,france,47
1eo4eta,france,47
1ef3cq1,france,47
1e5ci39,france,47
1mw6wdr,france,47
1encwnm,france,47
15ebd5k,france,47
1hhbyvd,france,47
1ec19f9,france,47
1ecryfs,france,47
1eggnu9,france,47
6fsp1s,france,47
1efuetm,france,47
1bhs7kz,france,47
1efsnxh,france,47
1f6pvnp,francophonie,47
1eevmh5,francophonie,47
1ej1snr,francophonie,47
1eaxfbq,francophonie,47
1aod503,francophonie,47
1b8k9i6,francophonie,47
y772l0,francophonie,47
azzjcs,francophonie,47
a5ch1l,francophonie,47
6quykg,francophonie,47
700wa6,francophonie,47
5e34gi,francophonie,47
17dwend,francophonie,47
1aq0f7k,francophonie,47
1bei9em,francophonie,47
18w3tlb,francophonie,47
18iwhdy,francophonie,47
18i9mdf,francophonie,47
178hgso,francophonie,47
177qona,francophonie,47
16tix22,francophonie,47
12vjy4g,francophonie,47
132o4fs,francophonie,47
11pjlaw,francophonie,47
zl3bjt,francophonie,47
zu93n1,francophonie,47
y3m3m6,francophonie,47
yc5ckl,francophonie,47
1bttjzq,france,48
1mk5oz2,france,48
1sfptq0,france,48
1mnzdhe,france,48
1mc73gw,france,48
19fc0i6,france,48
vu7hw1,france,48
1sr9ehr,france,48
1mk83ge,france,48
1lfyerd,france,48
12pb3sj,france,48
1lxwxac,france,48
1mk82z0,france,48
1e67ex8,france,48
b9dhs5,france,48
1mk0b4y,france,48
15gyjp3,france,48
1cubzin,france,48
nh2xbd,france,48
13kb1cf,france,48
1c27osd,france,48
1aoze9t,france,48
1dkdkms,france,48
hdo19g,france,48
1aejl66,france,48
1abdwax,france,48
1hcu28q,france,48
334a8d,france,48
1o14a93,france,48
4w5vkf,france,48
ld48jf,france,48
1do0zun,france,48
15crqft,france,48
b04uo3,france,48
jnyj70,france,48
hbfvim,france,48
j3wawt,france,48
aim8fj,france,48
1ko7oem,france,48
owq7xx,france,48
6stumu,france,48
3eddti,france,48
12lwnfm,france,48
k603dd,france,48
9wfi0p,france,48
6gsbos,france,48
7pvbsv,france,48
aiag9z,france,48
6ym3lb,france,48
93cpy1,france,48
fmzraj,france,48
77supo,france,48
khpbim,france,48
p3nfil,france,48
34xkzo,france,48
nhp74a,france,48
b3unvm,france,48
ghslu9,france,48
hzd5d1,france,48
1cemajh,france,48
bmvw9h,france,48
9zoxcy,france,48
b0cilf,france,48
7pr866,france,48
3gn1op,france,48
58mlme,france,48
58mxli,france,48
4wpecq,france,48
6yvijc,france,48
3b9cdx,france,48
423pa0,france,48
3b92zr,france,48
3fz8em,france,48
38oz5m,france,48
jx5mib,france,48
8rdvo,france,48
1fks6e4,france,48
1ldh464,france,48
1ituppo,france,48
1kl7twc,france,48
1kuag2w,france,48
q5sw9e,france,48
1kttop0,france,48
1alsav6,francophonie,48
1bnuyhx,francophonie,48
17a4ydp,francophonie,48
18zc6ze,francophonie,48
1b8jfkl,francophonie,48
18syhnz,francophonie,48
1as5lzr,francophonie,48
1ajhwrl,francophonie,48
1akizay,francophonie,48
1ah0h9v,francophonie,48
1ackyue,francophonie,48
1911hjg,francophonie,48
18q08fw,francophonie,48
18w4epy,francophonie,48
187hltt,francophonie,48
18fh9jf,francophonie,48
186mpba,francophonie,48
17pj11w,francophonie,48
17rfgqy,francophonie,48
175btwz,francophonie,48
15r4ala,francophonie,48
12lpsbh,francophonie,48
118uwmk,francophonie,48
130hcib,francophonie,48
12pgfl4,francophonie,48
106obfl,francophonie,48
z6yxp0,francophonie,48
zdui50,francophonie,48
