post_id,claim_id,stance
k6o6bw,1,discusses
k9ajeu,1,supports
mlyr54,1,off_topic
oe1lri,1,off_topic
ok75sy,1,off_topic
53atzi,1,off_topic
114db0u,2,refutes
s6v32r,2,off_topic
1b5uwh9,2,off_topic
ojmy4l,3,discusses
okqta8,3,discusses
o9yu8w,3,supports
15hw0om,4,discusses
phv7m2,4,discusses
jc6461,4,supports
fwlvl4,4,discusses
furh3t,4,discusses
lvxwqy,4,supports
sd73xx,4,off_topic
n14wzz,4,off_topic
gp3xs4,4,off_topic
a4kdrr,4,off_topic
fqfc29,4,refutes
69kvmc,4,off_topic
r2ie0y,4,off_topic
j0t2d2,4,off_topic
jc5uzf,4,discusses
xu9dy6,4,refutes
iket8f,4,off_topic
stu70x,4,off_topic
nra3e8,4,off_topic
g2gixl,4,off_topic
ioql0z,4,supports
b46ji0,4,off_topic
1c2a1gl,4,off_topic
nyvi2e,4,off_topic
p96cry,4,off_topic
i0mhd5,4,off_topic
mbi4r0,4,off_topic
jvqnsn,4,off_topic
fbgn5m,4,discusses
jjylnj,4,off_topic
ihj6bx,4,off_topic
l7ou1m,4,discusses
fo70ft,4,discusses
iiqap8,4,off_topic
j70xoi,4,discusses
nelkdp,4,off_topic
hwfz7k,4,off_topic
fpxm9f,4,discusses
jgkvtb,4,off_topic
1spsrht,4,off_topic
1anmqz7,4,off_topic
ilv17f,4,off_topic
ivn1mm,4,off_topic
ivghce,4,off_topic
1dtx7p4,5,discusses
1nsyao7,5,off_topic
1jmkx80,5,off_topic
1pgfwsk,5,off_topic
1m2964x,5,off_topic
h9hstb,5,off_topic
1ngl5zs,5,off_topic
1orjr7o,5,off_topic
mnfunz,5,off_topic
17wae18,5,off_topic
d8qza8,5,refutes
p7m4ro,5,off_topic
1e8v02c,5,off_topic
1k7w1j5,5,off_topic
s4k0lg,5,off_topic
17fyyjr,5,off_topic
1sm4vlc,5,off_topic
1supuh6,5,off_topic
1sv5bj3,5,off_topic
1pgivxz,5,off_topic
1nvg1xa,5,off_topic
pk6bln,5,refutes
f96tbe,5,off_topic
r3ibr2,5,off_topic
17t04r0,5,discusses
pfxx55,5,refutes
94hsqm,5,off_topic
16hwuoa,5,discusses
a5rrh2,5,off_topic
y322ea,5,off_topic
hjxc3u,5,off_topic
iiqu94,5,off_topic
pid6cq,5,refutes
18e92co,5,off_topic
1c5hgob,5,off_topic
1c65n5g,5,off_topic
fmkdde,5,off_topic
1dhhn6b,5,off_topic
meujox,5,off_topic
ri6vc6,5,off_topic
18xshjc,5,off_topic
p51lhn,5,off_topic
9zpdkw,5,off_topic
ymehyd,5,off_topic
olukpq,5,off_topic
10set1d,5,off_topic
p6eek4,5,off_topic
17ouc19,5,off_topic
iu2a3a,5,discusses
lfh2sm,5,off_topic
aegsg8,5,off_topic
f799k5,5,off_topic
g19p90,5,off_topic
go1u33,5,off_topic
9i7b81,5,off_topic
8zbi91,5,off_topic
9myhyd,5,off_topic
a3cb50,5,off_topic
7fm9jz,5,off_topic
191jc6z,5,off_topic
188bzfj,5,off_topic
17rg103,5,off_topic
18n3o0k,5,off_topic
18ahfdd,5,off_topic
17iif8e,5,off_topic
17nvpqg,5,off_topic
17wjcbs,5,off_topic
17iauno,5,off_topic
17pixc6,5,off_topic
17da0ni,5,off_topic
17c78fe,5,off_topic
13vqx03,5,off_topic
12ssvfv,5,off_topic
ydvxvo,5,off_topic
yj9iqd,5,off_topic
isp3z6,5,off_topic
1jpp80q,6,supports
1k2m4vs,6,supports
mh20h1,6,discusses
gbdhgn,6,discusses
p3kigu,6,discusses
g34bbf,6,discusses
o3c60p,6,discusses
p370dc,6,supports
lg2k8j,6,refutes
lg2dzw,6,discusses
fqhu9s,6,discusses
fc8jpk,6,off_topic
rus5sh,6,refutes
lcp4ri,6,discusses
gl5kwt,6,discusses
6e8no8,6,off_topic
195evcr,6,off_topic
1849x68,6,off_topic
17u7fsv,6,off_topic
1g13egl,7,supports
1g8myad,7,supports
siuakv,7,off_topic
gecn8f,7,off_topic
1l1c7i0,7,off_topic
n90ru9,7,off_topic
1g4wao0,7,discusses
nryb61,7,off_topic
1dkmhn1,7,off_topic
d82gx6,7,off_topic
tq9whl,7,off_topic
si6c5r,7,off_topic
4tc1ne,7,off_topic
m4tu00,7,off_topic
fm41er,7,off_topic
199uls5,7,off_topic
17kpefv,7,off_topic
1846ami,7,off_topic
164lrkh,7,off_topic
15rqqca,7,off_topic
10kz71e,7,off_topic
y6508z,7,off_topic
11665fz,8,off_topic
lpj2mi,8,off_topic
q12fz2,8,off_topic
urftnb,8,off_topic
175exug,8,off_topic
1fsplqe,8,off_topic
fccnsv,8,off_topic
bgeguu,8,off_topic
9moo1u,8,off_topic
15eb6kt,8,off_topic
9ita19,8,off_topic
woxjy6,8,off_topic
5me65r,8,refutes
15q3j5b,8,off_topic
1d9csi9,8,off_topic
1mc8bfv,8,off_topic
d3m3ni,8,off_topic
13vrw1z,8,off_topic
15eg570,8,off_topic
bcb5bq,8,off_topic
1it0s8n,8,off_topic
w28bbb,8,off_topic
x4q66o,8,off_topic
9cd07l,8,off_topic
zmhqdd,8,off_topic
p1l865,8,off_topic
9slu0t,8,off_topic
xgtu36,8,off_topic
dlev5c,8,off_topic
b587v3,8,off_topic
1b8jlqh,8,off_topic
18bgtno,8,off_topic
yojbib,8,off_topic
1as4h14,8,off_topic
yt5wxs,8,off_topic
178gobg,8,off_topic
yut4a3,8,off_topic
yghar1,8,off_topic
15yd899,9,off_topic
1b9osxh,9,off_topic
1ljio9k,9,off_topic
85rbhc,9,off_topic
xfpchd,9,off_topic
18gll5i,9,discusses
14v7943,10,off_topic
1butdv4,10,off_topic
1cmyai6,10,off_topic
16y56gn,10,off_topic
14u0n1t,10,off_topic
12z9ned,10,off_topic
1ijylle,10,off_topic
15mlo3k,10,off_topic
109vdiz,10,off_topic
1hb5l6u,10,discusses
17seqtw,10,supports
14a0iy8,10,off_topic
1g9hlg9,10,off_topic
1lreoc5,10,off_topic
v0j1qf,10,off_topic
1hxxy5b,10,off_topic
149y7n0,10,off_topic
42evys,10,off_topic
95pxyn,10,off_topic
1hr82n0,10,off_topic
15wbys2,10,off_topic
1584uxr,10,off_topic
5oqaye,10,off_topic
nqefuh,10,off_topic
7b71pf,10,off_topic
s19u4b,10,off_topic
onwka1,10,off_topic
1lrpzay,10,off_topic
1bjm4ag,10,off_topic
15ozc9o,10,off_topic
1ncgwyi,10,off_topic
15g8q72,10,off_topic
1954lu5,10,off_topic
nyxyka,10,off_topic
t3f6jf,10,off_topic
fhzis1,10,off_topic
ruxsws,10,off_topic
1ajbytz,10,off_topic
6nscbf,10,off_topic
1b1blip,10,off_topic
166zkc4,10,off_topic
1c0e70q,10,off_topic
qr5jpf,10,off_topic
edot6p,10,off_topic
7s4ufe,10,off_topic
ycmn79,10,off_topic
8lqsn3,10,off_topic
167xq4e,10,off_topic
18iez0f,10,off_topic
18r9y4a,10,off_topic
1ka6v47,10,off_topic
8guuvd,10,off_topic
12kbigt,10,off_topic
y7ydqc,10,off_topic
xpnn73,10,off_topic
zqknq3,10,off_topic
7ymejv,10,off_topic
904jy9,10,off_topic
1d08gwl,10,off_topic
18apftn,10,off_topic
1j5ovgx,10,off_topic
1g3a6yi,10,off_topic
8zjuu0,10,off_topic
wxhwdi,10,off_topic
103ykgf,10,off_topic
13f2snt,10,off_topic
1e787n6,10,off_topic
17wtwjw,10,off_topic
102y4vm,10,off_topic
ohim6f,10,off_topic
1bkua8v,10,off_topic
18d47zq,10,off_topic
x1tuwu,10,off_topic
18stoaj,10,off_topic
dnpdj9,10,off_topic
mk65eu,10,off_topic
18qjn6e,10,off_topic
xbgp47,10,off_topic
qj2ez7,10,off_topic
4zlvsv,10,off_topic
15aaw83,10,off_topic
100hfq1,10,off_topic
91vcf0,10,off_topic
apvc02,10,off_topic
bjfb3e,10,off_topic
191mhsu,10,off_topic
1ahx4px,10,off_topic
1b9qjeh,10,off_topic
1b9lhgk,10,off_topic
1bkttoh,10,off_topic
18lhwlp,10,off_topic
163sc1p,10,off_topic
17pz339,10,off_topic
1aoez3c,10,off_topic
1853400,10,off_topic
18r9fac,10,off_topic
16e81se,10,off_topic
18djrl4,10,off_topic
1bkubkn,10,off_topic
1brh3fp,10,off_topic
172xrre,10,off_topic
1bpr607,10,off_topic
1bl8me7,10,off_topic
1bg3pzf,10,off_topic
1boyxp2,10,off_topic
1al1xgb,10,off_topic
1brguvr,10,off_topic
18qbah5,10,off_topic
1bkugao,10,off_topic
1al11d0,10,off_topic
1akjtd4,10,off_topic
1ackamm,10,off_topic
1acemay,10,off_topic
1ajo0j6,10,off_topic
1aqrv3e,10,off_topic
19cvv32,10,off_topic
18z23gl,10,off_topic
18i9yzx,10,off_topic
19czl9q,10,off_topic
1asdwa6,10,off_topic
1ahwd11,10,off_topic
1ahw49n,10,off_topic
1am1lnv,10,off_topic
1ao2tgt,10,off_topic
17m43n2,10,off_topic
1890ej0,10,off_topic
1aqrfc7,10,off_topic
18w4p3e,10,off_topic
19037uo,10,off_topic
19eplt5,10,off_topic
1ackrld,10,off_topic
18mq8nl,10,off_topic
18rcq5b,10,off_topic
17wkm70,10,off_topic
195eipr,10,off_topic
17qqlay,10,off_topic
18jo0xl,10,off_topic
17p1bid,10,off_topic
17p0wzh,10,off_topic
18jp4i1,10,off_topic
18syus6,10,off_topic
17g4ud5,10,off_topic
18wwmkc,10,off_topic
18i9uoj,10,off_topic
189ubhv,10,off_topic
17t4bqy,10,off_topic
18r3me2,10,off_topic
18q7pay,10,off_topic
18tky9x,10,off_topic
18kn70h,10,off_topic
18shlh2,10,off_topic
17ql75o,10,off_topic
17kob73,10,off_topic
18kltku,10,off_topic
17y2p8g,10,off_topic
18jowp8,10,off_topic
18ce85y,10,off_topic
18eaykt,10,off_topic
18gkv34,10,off_topic
17iaejm,10,off_topic
18eltoc,10,off_topic
18bigzz,10,off_topic
18fg7bf,10,off_topic
18cdyur,10,off_topic
12gto59,10,off_topic
188bvzu,10,off_topic
17fe9p5,10,off_topic
186m7ff,10,off_topic
186lwdb,10,off_topic
185ymm1,10,off_topic
17wj4sm,10,off_topic
177kndo,10,off_topic
184ervp,10,off_topic
17srxob,10,off_topic
180nlrn,10,off_topic
180gxn5,10,off_topic
185zzg9,10,off_topic
17xhfxx,10,off_topic
nid4xk,11,off_topic
wg2uk5,11,off_topic
qvl6qi,11,off_topic
mwtpq2,11,off_topic
11a46o0,11,off_topic
9g0oij,11,off_topic
w8go16,12,off_topic
16yn74r,12,off_topic
r1sqhl,12,off_topic
1dpt4w3,12,off_topic
18sb59t,12,off_topic
zgt2g6,12,off_topic
1opy0dr,12,off_topic
17zpay1,12,off_topic
la0a8q,12,off_topic
offbxc,12,off_topic
ao546f,12,off_topic
1lpsj7n,12,off_topic
sgvtsu,12,off_topic
1al13nz,12,off_topic
1kzwmx8,12,off_topic
1gdz53k,12,off_topic
lpv6b2,12,off_topic
1hc46hu,12,off_topic
79nhhe,12,off_topic
1mes1ce,12,off_topic
1bj98dv,12,off_topic
1dp6x90,12,off_topic
12baklv,12,off_topic
1lkvd8l,12,off_topic
1ggjlxr,12,off_topic
1p5umvg,12,off_topic
1m4m9rz,12,off_topic
1qbkslz,12,supports
1cynsa1,12,off_topic
17qmh3g,12,discusses
c8le3c,12,off_topic
u5iqno,12,off_topic
5ydrdh,12,off_topic
e1xvqm,12,off_topic
objeos,12,supports
elqv0f,12,off_topic
cjbe5s,12,off_topic
18r7rl7,12,off_topic
1ft7qo3,12,off_topic
tdti6b,12,off_topic
1lpztio,12,off_topic
1gq9vso,12,off_topic
14jimzx,12,off_topic
1sxtmsr,12,off_topic
qjlr54,12,off_topic
1i3a84e,12,off_topic
1gvuolb,12,off_topic
c71xlq,12,off_topic
9zdmcq,12,off_topic
w64hnf,12,off_topic
181ge9x,12,off_topic
oug55y,12,off_topic
18hi268,12,off_topic
ry2y0q,12,off_topic
c64ss6,12,off_topic
141dend,12,discusses
yhlu8o,12,off_topic
afj03f,12,off_topic
se849k,12,off_topic
13p0urf,12,off_topic
coghm8,12,off_topic
126ftbj,12,off_topic
nqk4aw,12,off_topic
16yz3hx,12,off_topic
d0dalv,12,off_topic
cbtzq1,12,off_topic
14n81kn,12,discusses
e3tuaa,12,off_topic
bggieq,12,off_topic
qmpcrf,12,off_topic
wkx90y,12,off_topic
4vsyz6,12,off_topic
zuchli,12,off_topic
txiefh,12,off_topic
avwxqi,12,off_topic
8qr57h,12,off_topic
f283vi,12,off_topic
we62zs,12,off_topic
1c6cxua,12,off_topic
aq84kk,12,off_topic
7qqwpg,12,off_topic
1nq55bf,12,off_topic
3fuumz,12,off_topic
e1edg3,12,off_topic
kabbn0,12,off_topic
j61gsa,12,off_topic
u4xjdq,12,off_topic
q5qhh3,12,off_topic
a0iarh,12,off_topic
bcgxj3,12,off_topic
e5gitz,12,off_topic
q1p1n6,12,off_topic
a3fx5v,12,off_topic
7ljsut,12,off_topic
aqohqe,12,off_topic
8oqyiq,12,off_topic
1gsmqzu,12,off_topic
1hufee1,12,off_topic
187gprg,12,off_topic
uwln53,12,off_topic
ggbp5b,12,off_topic
1904g3f,12,off_topic
18p13so,12,off_topic
18khw8l,12,off_topic
1qizru6,12,off_topic
17bhfzx,12,off_topic
19442rl,12,off_topic
1bp6uhy,12,off_topic
1bp71yt,12,off_topic
17cywvl,12,off_topic
1brgsd4,12,off_topic
167573w,12,off_topic
1bku2zx,12,off_topic
18sst67,12,off_topic
1bx6piv,12,off_topic
1bpqwc0,12,off_topic
1bg3m43,12,off_topic
1b7w65o,12,off_topic
18y7fex,12,off_topic
1aqrcu7,12,off_topic
195q3zc,12,off_topic
1akhv4r,12,off_topic
1as55sb,12,off_topic
18tkb7c,12,off_topic
1agzvsv,12,off_topic
1acjvmx,12,off_topic
16x84jw,12,off_topic
17yu8cn,12,off_topic
18fzegb,12,off_topic
18bh80k,12,off_topic
18c09cg,12,off_topic
18ud9zr,12,off_topic
18ffwfz,12,off_topic
187u1pc,12,off_topic
1853fml,12,off_topic
18gkq9h,12,off_topic
188badl,12,off_topic
18ctaip,12,off_topic
18bitft,12,off_topic
18bc5dm,12,off_topic
17d1yl0,12,off_topic
189phwz,12,off_topic
17uyohx,12,off_topic
17xh60w,12,off_topic
17189pc,12,off_topic
17wigvp,12,off_topic
17wif51,12,off_topic
17ap4yo,12,off_topic
177l9lj,12,off_topic
178h5v8,12,off_topic
139lq41,12,off_topic
16gomka,12,off_topic
16f0cxx,12,off_topic
136kq85,12,off_topic
14a4hia,12,off_topic
137fc3o,12,off_topic
12wh6q7,12,off_topic
13as6v3,12,off_topic
13hd97w,12,off_topic
12yhx4y,12,off_topic
131mwun,12,off_topic
11edn0p,12,off_topic
11srmee,12,off_topic
11832w4,12,off_topic
11srgyr,12,off_topic
yzi2oj,12,off_topic
10xs8iy,12,off_topic
11a0bue,12,off_topic
11l5mgy,12,off_topic
10mhy4q,12,off_topic
yptma9,12,off_topic
10si603,12,off_topic
10xdz8j,12,off_topic
10v25p3,12,off_topic
10o4p3a,12,off_topic
yc6o95,12,off_topic
yu8pj0,12,off_topic
ytcjvl,12,off_topic
yayqyf,12,off_topic
ydad37,12,off_topic
yccbvb,12,off_topic
ic2g86,12,off_topic
ix01hq,12,off_topic
v7j4nq,13,discusses
1l3cown,13,off_topic
urgn2d,13,off_topic
1po7ogz,13,off_topic
1k5569e,13,off_topic
nu4qwm,13,refutes
imb0ri,13,refutes
13peyn8,13,off_topic
jgkjnm,13,off_topic
oc89ax,13,refutes
11zlvvp,13,off_topic
u20isz,13,off_topic
v66cxj,13,off_topic
x5vcc8,13,off_topic
bfyjiv,13,off_topic
l5g4qt,13,off_topic
1agd6q8,13,off_topic
mqbsvc,13,off_topic
16k8y7n,13,off_topic
bqn8hv,13,off_topic
ttajh4,13,off_topic
16twv4u,13,off_topic
yc5qrl,13,discusses
1s9jscs,13,off_topic
dwahhl,13,off_topic
pbj8bp,13,discusses
1nkxy37,13,off_topic
ooa0ki,13,off_topic
prtvou,13,off_topic
6chrdz,13,off_topic
tvvlsn,13,off_topic
c1zmfq,13,off_topic
fvaxja,13,off_topic
wqnif4,13,discusses
1l87zf2,13,off_topic
14aswpe,13,off_topic
vdm3or,13,off_topic
orj107,13,off_topic
1o6n4jn,13,off_topic
ghjdyj,13,off_topic
1bgfcbc,13,off_topic
tkah7f,13,off_topic
14clvdt,13,off_topic
1g5ln0v,13,off_topic
1ie7byj,13,off_topic
1qwhzqe,13,off_topic
1ifzfhj,13,off_topic
99m68g,13,off_topic
tex3t2,13,off_topic
fmgq9v,13,off_topic
cg9psx,13,off_topic
15auuwg,13,off_topic
vctood,13,off_topic
zlnftq,13,off_topic
cw131i,13,off_topic
10zs908,13,off_topic
1866wpi,13,off_topic
yh87tu,13,refutes
jaaj86,13,discusses
ot4rej,13,off_topic
10f1fr1,13,off_topic
z4hbb5,13,off_topic
tqzpga,13,off_topic
g1othi,13,off_topic
da0fiz,13,off_topic
108lvx8,13,off_topic
tpp04o,13,off_topic
16mswgu,13,off_topic
zaowq2,13,off_topic
qdjokh,13,off_topic
9jcvgf,13,off_topic
s25tsv,13,off_topic
vyrf29,13,off_topic
vg3z1x,13,off_topic
haav14,13,off_topic
s8nkyw,13,off_topic
hkqsgq,13,off_topic
626ly6,13,off_topic
16dghd5,13,off_topic
9nt13c,13,off_topic
vs0jf2,13,off_topic
kuyyyj,13,off_topic
5x4u0v,13,off_topic
wddtzu,13,off_topic
73zein,13,off_topic
ckcv0t,13,off_topic
8cmq95,13,off_topic
qmj0et,13,off_topic
6ltt76,13,off_topic
co1e76,13,off_topic
9ewhky,13,off_topic
fwgse8,13,off_topic
1bjc25j,13,off_topic
yzhtwl,13,off_topic
z7174d,13,off_topic
ih7ei3,13,off_topic
1dikv20,14,off_topic
1dkbozg,14,off_topic
1dv89kh,14,off_topic
1re7rj2,14,off_topic
1ds7f7r,14,off_topic
1kcy87o,14,off_topic
1dxisst,14,off_topic
1e1j4d9,14,off_topic
1dgk657,14,off_topic
1dy24o5,14,off_topic
1dcgfo1,14,off_topic
1dfjxkf,14,off_topic
1dd6thg,14,off_topic
1de040h,14,off_topic
1dslge2,14,off_topic
1dgbnph,14,off_topic
1n0idwd,14,off_topic
1dtf4fi,14,off_topic
1dil8h2,14,off_topic
6hzc93,14,off_topic
1dhrn9r,14,off_topic
1dny95b,14,off_topic
1do8npk,14,off_topic
1e4qpix,14,off_topic
1d5ohgk,14,off_topic
np2d26,14,off_topic
1dosoob,14,off_topic
1du768r,14,off_topic
1dq0rm2,14,off_topic
951q9m,14,off_topic
1qfb0hb,14,off_topic
6i0c5t,14,off_topic
6gm1be,14,off_topic
1fhyjl8,14,off_topic
26ii7z,14,off_topic
11xhao1,14,off_topic
yc7pdp,14,off_topic
u2sccm,14,off_topic
zy28vs,14,off_topic
1dukqf3,14,off_topic
1dnlrek,14,off_topic
1hx8pwq,14,off_topic
1e4n0px,14,off_topic
njswvw,14,off_topic
1agbqh8,14,off_topic
1dj28yd,14,off_topic
1dtm3r0,14,off_topic
1df1ij1,14,off_topic
1dfuspz,14,off_topic
btnqcc,14,off_topic
6690ac,14,off_topic
ubia9r,14,off_topic
vi8zcb,14,off_topic
3w14cr,14,off_topic
rmyfyx,14,off_topic
9dmmxr,14,off_topic
woeakw,14,off_topic
40n33m,14,off_topic
688gvu,14,off_topic
68euzg,14,off_topic
twzazb,14,off_topic
ujkb6o,14,off_topic
pa139w,14,off_topic
69sb4b,14,off_topic
9lasl6,14,off_topic
689x42,14,off_topic
1ackdsr,14,off_topic
1bcu5o4,14,off_topic
1asz15m,14,off_topic
1bre7fd,14,off_topic
1bprcsk,14,off_topic
1brgymp,14,off_topic
1as5tdk,14,off_topic
18zd4gk,14,off_topic
18f05rm,14,off_topic
18csp0f,14,off_topic
18hdw6j,14,off_topic
17vuhgh,14,off_topic
17lzxyu,14,off_topic
13rj771,14,off_topic
zpn35n,14,off_topic
115wkch,14,off_topic
10oxcxt,14,off_topic
107acdv,14,off_topic
109wo9y,14,off_topic
zpmpk6,14,off_topic
zr75tz,14,off_topic
zqjfhd,14,off_topic
zy2z2i,14,off_topic
zr7d8d,14,off_topic
zpmvbz,14,off_topic
1n9tcns,15,refutes
1pxmn20,15,off_topic
1omf2bj,15,off_topic
1h1agmg,15,off_topic
1m4f1wx,15,off_topic
myfex3,15,off_topic
1n97f25,15,off_topic
1978to1,15,off_topic
1lltmwj,15,off_topic
1q3yeyk,15,off_topic
1nam6s4,15,off_topic
1i8vrzn,15,off_topic
1ow3e6f,15,off_topic
18rxowk,15,off_topic
1iuyk4n,15,off_topic
1ni8qr8,15,off_topic
u9in0y,15,off_topic
1fl6mcl,15,off_topic
1mysrmi,15,off_topic
1ncgw0y,15,off_topic
1nbt91a,15,off_topic
1nx33q5,15,off_topic
1q5pxku,15,off_topic
u2k2hi,15,off_topic
hegmoy,15,off_topic
10rmjaw,15,off_topic
1ijs5ob,15,off_topic
4w5b6n,15,off_topic
15z41xe,15,off_topic
11fccha,15,off_topic
1hmltqw,15,refutes
1rmg8c3,15,off_topic
rwjt89,15,off_topic
1rlefml,15,off_topic
1rjr1x1,15,off_topic
bdjnc2,15,off_topic
1ll5ke3,15,off_topic
xoh2kc,15,off_topic
1nbhfqe,15,off_topic
1jv1432,15,off_topic
1o1nnzq,15,off_topic
1pn5wsc,15,off_topic
1dsrb9h,15,off_topic
ndy44b,15,off_topic
1e8z7xp,15,off_topic
jh46cv,15,off_topic
1poc8m9,15,off_topic
1mi6o5o,15,off_topic
1ra36ml,15,off_topic
14dmur2,15,off_topic
eqf7ot,15,off_topic
1m4yfj2,15,off_topic
1d8mic3,15,off_topic
1mkrn7g,15,off_topic
1jv1tpc,15,off_topic
18ki60k,15,off_topic
pkts2h,15,off_topic
pttfys,15,off_topic
u7tu70,15,off_topic
i8b5uo,15,off_topic
1qum6vr,15,off_topic
1stpw5m,15,off_topic
1hin2h3,15,off_topic
1iaef4b,15,off_topic
1m8qv12,15,off_topic
cgqoso,15,off_topic
1inmns6,15,off_topic
13f15oh,15,off_topic
1hdaa42,15,off_topic
1mvx5vj,15,off_topic
gan3eg,15,off_topic
10oy6iq,15,off_topic
1dv6hry,15,off_topic
9s2n6w,15,off_topic
1ho8n68,15,off_topic
1b8pmmi,15,off_topic
mpauaf,15,off_topic
jp39k1,15,off_topic
zlgp2y,15,off_topic
1lqaa0q,15,off_topic
s71noq,15,off_topic
4ck34b,15,off_topic
6ak8du,15,off_topic
g0i8rm,15,off_topic
fkm6y5,15,off_topic
bhb76w,15,off_topic
a4xsib,15,off_topic
1k1itoj,15,off_topic
yj84wo,15,off_topic
jncki5,15,off_topic
1d8s1ie,15,off_topic
1h6jsfq,15,off_topic
185wk08,15,off_topic
1iuj56b,15,off_topic
1pcpxei,15,off_topic
1l90tcf,15,off_topic
1jqqtde,15,off_topic
18q02g4,15,off_topic
1l8216k,15,off_topic
1odvydw,15,off_topic
1if751o,15,off_topic
1hyg0l8,15,off_topic
1hfikff,15,off_topic
16r3zkq,15,off_topic
17jrogf,15,off_topic
197buyi,15,off_topic
ypqdpt,15,off_topic
13qjnlp,15,off_topic
t5jolk,15,off_topic
nuepgt,15,off_topic
twzdpb,15,off_topic
stsis1,15,off_topic
sqnak8,15,off_topic
1svddie,15,off_topic
1sp8uoe,15,off_topic
1905p5l,15,off_topic
cqbbso,15,off_topic
a1v7ph,15,off_topic
7o781c,15,off_topic
1apiqqr,15,off_topic
1b17kx5,15,off_topic
1b8kfw1,15,off_topic
1bgu5zi,15,off_topic
18mbu1m,15,off_topic
18qqy7h,15,off_topic
1ailjqg,15,off_topic
1aqs2i8,15,off_topic
1as6hiz,15,off_topic
1mu3ve3,15,off_topic
195mgrp,15,off_topic
1bcv28t,15,off_topic
1mpxent,15,off_topic
18ssxll,15,off_topic
1n8ylf6,15,off_topic
16ax72h,15,off_topic
1bfl1hm,15,off_topic
18033zt,15,off_topic
16odvg2,15,off_topic
185z2sz,15,off_topic
193yzzs,15,off_topic
1ak6eyp,15,off_topic
178bl57,15,off_topic
18q18c5,15,off_topic
1b7vdil,15,off_topic
1amlld2,15,off_topic
18ig4g1,15,off_topic
14bxm4j,15,off_topic
1agzll5,15,off_topic
16w1j2q,15,off_topic
17ido0o,15,off_topic
18r3p7w,15,off_topic
18rlu95,15,off_topic
1altizo,15,off_topic
18elnh6,15,off_topic
17nistv,15,off_topic
18ahajl,15,off_topic
17bhmqe,15,off_topic
18ubqiv,15,off_topic
18ftw1l,15,off_topic
18oag62,15,off_topic
12kvpdm,15,off_topic
18ol12a,15,off_topic
16sqt88,15,off_topic
1978onb,15,off_topic
1bdr2r5,15,off_topic
1bcvmhl,15,off_topic
18q7dok,15,off_topic
17rkfqs,15,off_topic
18461pq,15,off_topic
1ahrm8p,15,off_topic
18v4zat,15,off_topic
15z6om4,15,off_topic
1848134,15,off_topic
1blxjpc,15,off_topic
199upem,15,off_topic
1773xza,15,off_topic
19eq8em,15,off_topic
1qvj5pp,16,off_topic
1hbp8gi,16,off_topic
1c6vqsz,16,off_topic
114fny3,16,off_topic
1of72w0,16,off_topic
1lttu2k,16,off_topic
1p86rh3,16,supports
1509mag,16,off_topic
1b3zhav,16,off_topic
1i81gdj,16,off_topic
1q783he,16,off_topic
1i3deqt,16,off_topic
1rpu82g,16,off_topic
qcolhb,16,off_topic
16loklq,16,off_topic
108dj01,16,off_topic
1htczxo,16,off_topic
1f6jwov,16,off_topic
1mhqow0,16,off_topic
1lhh86x,16,off_topic
1k54kf0,16,off_topic
1p087r7,16,off_topic
1cq3spj,16,off_topic
1gn8qpg,16,off_topic
1q0ev6v,16,off_topic
1677z9e,16,off_topic
1m0mcfn,16,off_topic
1c0o7bl,16,off_topic
j1zsiy,16,off_topic
159c7gq,16,off_topic
x1hl3b,16,off_topic
1s4tr82,16,off_topic
qrg5l7,16,off_topic
ancn40,16,off_topic
1o82bav,16,off_topic
1rg2wdb,16,off_topic
15kvv3y,16,off_topic
1lihtgy,16,off_topic
t8m8br,16,off_topic
e64n22,16,off_topic
u7uhz2,16,off_topic
1miewf0,16,off_topic
hgeu6a,16,off_topic
11dlehi,16,off_topic
vaj364,16,off_topic
1ofkfcd,16,off_topic
1o3s8mo,16,off_topic
ld93pc,16,off_topic
keiyka,16,off_topic
1biufo3,16,off_topic
195p9q1,16,off_topic
1ncijfc,16,off_topic
1orq7u2,16,off_topic
1as9gdm,16,off_topic
18he60e,16,off_topic
1hjdevb,16,off_topic
1b9yy29,16,off_topic
172eim1,16,off_topic
18jvway,16,off_topic
18wpjsm,16,off_topic
18oabde,16,off_topic
1bl8e8r,16,off_topic
1bjzcrm,16,off_topic
180h3tr,16,off_topic
1boz5sd,16,off_topic
1bg77po,16,off_topic
1blo2vs,16,off_topic
11wrm9q,16,off_topic
1blrkoa,16,off_topic
1beky3j,16,off_topic
1aq026k,16,off_topic
1ah00b4,16,off_topic
1aogflc,16,off_topic
1jnzub5,17,supports
1shi0re,17,off_topic
1jnyt37,17,supports
1sy7v8w,17,off_topic
1osl6lf,17,off_topic
1smwix4,17,off_topic
1js7lsl,17,supports
1pe3wez,17,off_topic
1k27uxd,17,supports
1joq4h3,17,discusses
1fp03ct,17,off_topic
1lvhasv,17,off_topic
1neeiru,17,supports
1q7acst,17,supports
1qv6axe,17,supports
1jocksy,17,supports
1jo28i9,17,supports
1o7ao18,17,supports
1spnmqo,17,off_topic
1jsutxx,17,supports
69snyu,17,off_topic
1qcjny6,17,supports
1q1cr6i,17,supports
1jr688z,17,supports
u2wov2,17,off_topic
1pgtmiu,17,off_topic
1l3178n,17,supports
1gusx02,17,discusses
1j7uext,17,off_topic
1doah2p,17,off_topic
1ngmicc,17,supports
1ltn316,17,off_topic
sxqmas,17,off_topic
1jo46y3,17,supports
1gqkobf,17,discusses
65tmbv,17,off_topic
1jo83tu,17,off_topic
1pxt9gw,17,off_topic
1jpmasw,17,supports
1jrafld,17,supports
1joneqw,17,supports
13r4a7k,17,off_topic
1fp880l,17,off_topic
1jpl22e,17,supports
1e1bu76,17,off_topic
1jprt1e,17,supports
s5yy4a,17,off_topic
1jo0i7v,17,supports
1jp23rz,17,supports
xi3luv,17,off_topic
1hapzx9,17,off_topic
1luug1d,17,supports
1dzt80b,17,off_topic
1j3jh04,17,off_topic
1ll3qvg,17,off_topic
wek1a5,17,off_topic
1jtd9pp,17,off_topic
1f1l3cv,17,off_topic
13bibgx,17,off_topic
1jpkvyf,17,supports
1s35kne,17,off_topic
tuxfqm,17,off_topic
14yge8b,17,off_topic
1j6lvx0,17,off_topic
ycd4xu,17,off_topic
1jaa8gs,17,discusses
1fl5s5s,17,off_topic
1loembe,17,off_topic
1jo10t9,17,supports
1qhw74q,17,discusses
v5j9ny,17,off_topic
1qv2yvb,17,off_topic
1foxbds,17,off_topic
u2koj4,17,off_topic
1jsr12u,17,off_topic
1m6i27q,17,off_topic
1ic7jen,17,discusses
11dadun,17,off_topic
1jr5577,17,supports
1qibnjv,17,off_topic
1hvq823,17,off_topic
1joad9b,17,supports
1jphe7w,17,supports
1dm1xlr,17,off_topic
1i0covs,17,off_topic
68zmng,17,off_topic
1nhgp7g,17,off_topic
1dh48f2,17,off_topic
1nx88d8,17,off_topic
1h0yeip,17,off_topic
1jn90x9,17,discusses
1jpv8vq,17,supports
t0zqxo,17,off_topic
u6zb89,17,off_topic
1jw3g0e,17,supports
1apt1vt,17,off_topic
1gq95wb,17,discusses
tv6jha,17,off_topic
yff571,17,off_topic
ylcoz0,17,off_topic
1aq28aa,17,off_topic
182rkfa,17,off_topic
1l46ruf,17,off_topic
1ncgjf2,17,off_topic
1biu7df,17,off_topic
197c75f,17,off_topic
1994aor,17,off_topic
1bgz5ah,17,off_topic
15midjy,17,off_topic
17nhvc9,17,off_topic
1blxolr,17,off_topic
16x4aop,17,off_topic
13booh4,17,off_topic
1boyzwh,17,off_topic
1bjyyeq,17,off_topic
1bg3u66,17,off_topic
18f5v4o,17,off_topic
1beifxc,17,off_topic
1am0eci,17,off_topic
1bg3wey,17,off_topic
172ze4c,17,off_topic
17xe21a,17,off_topic
1apymz0,17,off_topic
1akhr6q,17,off_topic
1902iz3,17,off_topic
18x3iki,17,off_topic
1ack4bv,17,off_topic
17l17qa,17,off_topic
19029rc,17,off_topic
178bor1,17,off_topic
18y7ryg,17,off_topic
18hotvp,17,off_topic
17g0ohb,17,off_topic
18ujwi7,17,off_topic
18thi0b,17,off_topic
18dk7z9,17,off_topic
18bh4e6,17,off_topic
195f7af,17,off_topic
18r3zxh,17,off_topic
18bc16q,17,off_topic
17ekmiq,17,off_topic
18yhcjt,17,off_topic
18ahlwf,17,off_topic
17cpvzj,17,off_topic
17g0klk,17,off_topic
18p4uxt,17,off_topic
18r4o3e,17,off_topic
18w4jfb,17,off_topic
18ia0w9,17,off_topic
16vce90,17,off_topic
17srut1,17,off_topic
180mjsi,17,off_topic
180msvv,17,off_topic
18oa7yj,17,off_topic
18kd2ws,17,off_topic
17s5u23,17,off_topic
18i9c99,17,off_topic
18hops5,17,off_topic
18gl6xg,17,off_topic
18jajeq,17,off_topic
18hoj7y,17,off_topic
18hodpk,17,off_topic
18bkx1d,17,off_topic
18bgnbe,17,off_topic
18cdet8,17,off_topic
181xudn,17,off_topic
17ca0u9,17,off_topic
186ml6s,17,off_topic
188klhd,17,off_topic
17wzmxn,17,off_topic
184dmng,17,off_topic
17wze5i,17,off_topic
17wzrdj,17,off_topic
17tre0p,17,off_topic
17p93s4,17,off_topic
17r8wgz,17,off_topic
17q7ke6,17,off_topic
1suc8yz,18,off_topic
1lpr0n6,18,off_topic
1nfeyyx,18,off_topic
15a8vyw,18,off_topic
1pqlsws,18,supports
1lktm2h,18,supports
1pzi6hi,18,off_topic
1im199p,18,off_topic
1rabbnu,18,off_topic
1s4xew8,18,off_topic
1lidzfg,18,off_topic
1s4wlw4,18,supports
114e0fy,18,off_topic
1rof0ad,18,off_topic
1g48b3h,18,off_topic
12csy2q,18,off_topic
1pdz39d,18,off_topic
1q7mcad,18,off_topic
14peh0c,18,supports
1lws0nc,18,off_topic
m5kxle,18,off_topic
1lqu21x,18,off_topic
zwlkjj,18,off_topic
1qhwsr1,18,off_topic
1rbfwn3,18,off_topic
1qkrtq4,18,off_topic
jgl84e,18,off_topic
l1v347,18,off_topic
xk7uo0,18,off_topic
1d8offt,18,off_topic
8n6x3s,18,off_topic
8zune6,18,off_topic
tuigm2,18,off_topic
83em1z,18,off_topic
8m089h,18,off_topic
17czuik,18,off_topic
11a9pwr,18,off_topic
swaij2,18,off_topic
1bvjmgm,18,off_topic
ml6tfy,18,off_topic
vd2qqh,18,off_topic
15hwdky,18,off_topic
1louyid,18,off_topic
meh6b8,18,off_topic
fy2p7f,18,off_topic
1c0h6qv,18,off_topic
161vpoq,18,off_topic
10loyb9,18,off_topic
18jyht1,18,off_topic
1eahmzg,18,off_topic
lp5f2u,18,off_topic
181y4rx,18,off_topic
pt7fzz,18,off_topic
9ve83u,18,off_topic
18cabd1,18,off_topic
q4ppb6,18,off_topic
5u0yx7,18,off_topic
1hqhe8n,18,off_topic
d5yj8l,18,off_topic
5ar97d,18,off_topic
13y6y7v,18,off_topic
fl6pbu,18,off_topic
2e2os9,18,off_topic
1n29zvi,18,off_topic
evtrx4,18,off_topic
93d57n,18,off_topic
3pszvd,18,off_topic
ceqpay,18,off_topic
16icokg,18,off_topic
hojmh7,18,off_topic
10gs3zg,18,off_topic
i0k0k5,18,off_topic
1lkvwgy,18,off_topic
79528b,18,off_topic
6ctng1,18,off_topic
8uwqzt,18,off_topic
9krhfl,18,off_topic
1i1glkr,18,off_topic
152u6w6,18,off_topic
ae4vrk,18,off_topic
1lxzhs4,18,off_topic
558n00,18,off_topic
qqnm18,18,off_topic
vskks,18,off_topic
aephtl,18,off_topic
1ozf5qw,18,off_topic
1lnkdjr,18,off_topic
1q8dehd,18,off_topic
1ndappw,18,off_topic
1lnl6nc,18,off_topic
1kq99jd,18,off_topic
1aszv6y,18,off_topic
1c4yhit,18,off_topic
15kosj0,18,off_topic
12ahekq,18,off_topic
xp3dns,18,off_topic
vyr2ez,18,off_topic
qve6b0,18,off_topic
kz90ac,18,off_topic
fy2oj3,18,off_topic
ddqpea,18,off_topic
7hg3yp,18,off_topic
18y7lpi,18,off_topic
1bprhnx,18,off_topic
1496bbe,18,off_topic
1as5bg0,18,off_topic
1b9py2e,18,off_topic
1bjiqz4,18,off_topic
17w0mo4,18,off_topic
1b9ypda,18,off_topic
18ud4q6,18,off_topic
186mjkp,18,off_topic
17iannx,18,off_topic
1aqpi80,18,off_topic
174ncsh,18,off_topic
18vn34a,18,off_topic
1akipte,18,off_topic
1994hrx,18,off_topic
1agz31y,18,off_topic
18nj44y,18,off_topic
16pjo9s,18,off_topic
1994lra,18,off_topic
1903ls9,18,off_topic
18jolzj,18,off_topic
18i9h8d,18,off_topic
18ktaz7,18,off_topic
16x8a98,18,off_topic
179bbei,18,off_topic
17ho3bw,18,off_topic
18ct27d,18,off_topic
17nli9l,18,off_topic
17yu2b0,18,off_topic
18538if,18,off_topic
186lcv4,18,off_topic
173of82,18,off_topic
17zkjfy,18,off_topic
184a09p,18,off_topic
1845zqp,18,off_topic
17l9cfg,18,off_topic
17wj1ur,18,off_topic
17g4xur,18,off_topic
17dp77a,18,off_topic
1owwg9n,19,off_topic
1qj6om2,19,off_topic
1qczd1g,19,off_topic
1sk3m6l,19,off_topic
1ns3gi4,19,off_topic
1i66ogv,19,off_topic
1f4wdfl,19,off_topic
1dkzwoh,19,off_topic
1da7njk,19,off_topic
1hwi09l,19,off_topic
8thivx,19,off_topic
1iwdhfd,19,off_topic
1qeu1wt,19,off_topic
twqbiv,19,off_topic
v6qwzm,19,off_topic
1nabpfj,19,off_topic
bdrtng,19,off_topic
14jnqwd,19,off_topic
1jcudse,19,off_topic
1gk5aqh,19,off_topic
piugjq,19,off_topic
17n2jzw,19,off_topic
dlyr5s,19,off_topic
1d1qdq9,19,off_topic
1iun1kw,19,off_topic
112u3yl,19,off_topic
1pgmijn,19,off_topic
47ia4p,19,off_topic
tgx9do,19,off_topic
10wv3eo,19,off_topic
1peyxlj,19,off_topic
u175uu,19,off_topic
1sfql8i,19,off_topic
1aejqeg,19,off_topic
1gh1x3r,19,off_topic
jbtcwk,19,off_topic
fx3xjv,19,off_topic
8bxi3w,19,off_topic
zgzt0a,19,off_topic
q5ysp8,19,off_topic
qy9h6x,19,off_topic
1kwtd72,19,off_topic
1qtryqi,19,off_topic
12decva,19,off_topic
qtqqh5,19,off_topic
2b2i70,19,off_topic
1in284x,19,off_topic
1dkl9d9,19,off_topic
ho7nah,19,off_topic
18akrnj,19,off_topic
qqzv8s,19,off_topic
ws6jxa,19,off_topic
bhowol,19,off_topic
1qg4ydc,19,off_topic
adae5b,19,off_topic
nulmqc,19,off_topic
nxvq3a,19,off_topic
7d3zt0,19,off_topic
1pdkeq0,19,off_topic
119rjhv,19,off_topic
18slya9,19,off_topic
19c61q1,19,off_topic
1myr3zi,19,off_topic
valify,19,off_topic
1mmdxdf,19,off_topic
d8r9xm,19,off_topic
1omiph5,19,off_topic
1ben3cs,19,off_topic
tq9ql5,19,off_topic
azzpfa,19,discusses
1sx7qgw,19,off_topic
1qu8m5h,19,off_topic
1owy5j3,19,off_topic
1pm75ub,19,off_topic
1o7q2x6,19,off_topic
1ke82uh,19,off_topic
1jbzbnk,19,off_topic
1al43u9,19,off_topic
16e7s2x,19,off_topic
177lcz9,19,off_topic
134n3l2,19,off_topic
16chxuz,19,off_topic
1blo6d1,19,off_topic
1bcuigb,19,off_topic
1anh93u,19,off_topic
1bjyqro,19,off_topic
1aofsdm,19,off_topic
17zn0im,19,off_topic
16zjc06,19,off_topic
17zqr7n,19,off_topic
17d077w,19,off_topic
18y85v6,19,off_topic
1ajgxwq,19,off_topic
16kmu0r,19,off_topic
1aqryg1,19,off_topic
18jotju,19,off_topic
1ajj42n,19,off_topic
1ah0e99,19,off_topic
1agzeig,19,off_topic
17s0lcp,19,off_topic
18kixym,19,off_topic
18tnkph,19,off_topic
195eo0f,19,off_topic
18v55p3,19,off_topic
1afitmc,20,supports
17uzwv9,20,off_topic
16vi53c,20,supports
1o910np,20,off_topic
a3m7au,20,supports
1fy3t6h,20,off_topic
hfj7qz,20,off_topic
a5ss93,20,off_topic
94s2ry,20,off_topic
1jc8doo,20,off_topic
5ing61,20,off_topic
xo476c,20,off_topic
xg2sys,20,off_topic
x1ng5s,20,off_topic
74v0tg,20,off_topic
9w971b,20,off_topic
dc78wc,20,off_topic
1dgwae8,20,off_topic
g4nxk5,20,off_topic
1corcr4,20,off_topic
v8gd7u,20,off_topic
ut1w2k,20,off_topic
438qdk,20,off_topic
pu3wbk,20,off_topic
zvy2tn,20,off_topic
8rtdev,20,off_topic
tff4oo,20,off_topic
73fwq3,20,off_topic
3rww9o,20,supports
1xm9ft,20,off_topic
170fc85,20,off_topic
18mrsc2,20,off_topic
18rc9to,20,off_topic
18i38xr,20,off_topic
180hb5x,20,off_topic
13seli6,20,off_topic
15wfjod,20,off_topic
12ynguc,20,off_topic
132rtf2,20,off_topic
12qkylt,20,off_topic
132n7xl,20,off_topic
12swxs5,20,off_topic
zuvven,20,off_topic
xzh765,20,off_topic
wnfaz5,20,off_topic
1pfm6eu,21,off_topic
1rtbzgc,21,off_topic
1kz19te,21,off_topic
s6y1k2,21,off_topic
13ju5kw,21,supports
1q4q3or,21,off_topic
ajldzr,21,off_topic
q6gnqh,21,off_topic
1juze39,21,off_topic
1jl0adx,21,off_topic
1s2bonu,21,off_topic
qc2lzn,21,off_topic
15ffsmu,21,off_topic
jrjcgw,21,off_topic
152psh8,21,off_topic
1lvq9jg,21,off_topic
11e0oqx,21,off_topic
eo40n4,21,off_topic
1hnndcr,21,off_topic
96pkb3,21,off_topic
1r65d64,21,off_topic
1jlc1df,21,off_topic
arn3mb,21,discusses
104updy,21,off_topic
dwfmqg,21,off_topic
x40f2a,21,off_topic
121hlom,21,off_topic
7xpi3g,21,off_topic
fhdstg,21,off_topic
e5kvnz,21,off_topic
1pzbls0,21,off_topic
1czrn2k,21,off_topic
v2bfj2,21,off_topic
1762vqk,21,off_topic
10u97r9,21,off_topic
ml8s52,21,off_topic
1d2t9x7,21,off_topic
y7flqf,21,off_topic
1nogham,21,off_topic
18pxdpb,21,off_topic
3err0k,21,off_topic
1d9defb,21,off_topic
iguhj6,21,off_topic
fji10d,21,off_topic
1njhtof,21,off_topic
f2715d,21,off_topic
1obf6uu,21,off_topic
7gfoqi,21,off_topic
txev90,21,off_topic
131lzz7,21,off_topic
krjrvz,21,off_topic
mfkofn,21,off_topic
ae6t3b,21,off_topic
1qm1r5m,21,off_topic
71tia4,21,off_topic
kfjwh1,21,off_topic
m8cg12,21,off_topic
102zk07,21,off_topic
1m4iult,21,off_topic
fkfxtw,21,off_topic
1qh7cug,21,off_topic
1ha7mzh,21,off_topic
1q1e6uh,21,off_topic
amql9l,21,off_topic
lpuvub,21,off_topic
1o6fuw1,21,off_topic
e3rlhk,21,off_topic
1qpn10u,21,off_topic
whv4p3,21,off_topic
1m34eik,21,off_topic
1pef3e6,21,off_topic
17k06ry,21,off_topic
142a1c9,21,off_topic
17nieyp,21,off_topic
18bcasp,21,off_topic
18608yt,21,off_topic
18q1315,21,off_topic
18fgddi,21,off_topic
180nzeq,21,off_topic
17a5lai,21,off_topic
17qjfkb,21,off_topic
17rkc1r,21,off_topic
1791ey5,21,off_topic
15j2pz9,21,off_topic
17g0vid,21,off_topic
177qlr4,21,off_topic
176x0ru,21,off_topic
16zj5r5,21,off_topic
11wowov,21,off_topic
13fcqcj,21,off_topic
12ql713,21,off_topic
z4hcoq,21,off_topic
10cfvrk,21,off_topic
10lt2gk,21,off_topic
10lq0pd,21,off_topic
zsjr52,21,off_topic
z6wm48,21,off_topic
1r1tiqi,22,off_topic
11huqoo,22,off_topic
17yckag,22,off_topic
1nb0gug,22,off_topic
isj1z0,22,off_topic
1qdecph,22,off_topic
11ey8z6,22,supports
rvtgmr,22,off_topic
1ssonai,22,supports
e62zgs,22,off_topic
1qnt4lu,22,off_topic
1lhr2qg,22,off_topic
1lpilhq,22,off_topic
1qdi910,22,off_topic
ha4om1,22,off_topic
8upvzl,22,off_topic
1ls7ybf,22,supports
ea30og,22,off_topic
1q96b6k,22,off_topic
1hgjn5n,22,off_topic
eo5006,22,off_topic
16d3srr,22,off_topic
6ng2qr,22,off_topic
3schd5,22,off_topic
1ko25wn,22,off_topic
1nix6rd,22,off_topic
ejdunf,22,off_topic
1o8w5dz,22,off_topic
68dw9p,22,off_topic
1n7m037,22,off_topic
1mst8sl,22,off_topic
53mq3w,22,off_topic
1md1s57,22,off_topic
1k27tg8,22,off_topic
l4i7ej,22,off_topic
1debgw2,22,off_topic
1jye6fe,22,off_topic
jcberw,22,off_topic
13c5obs,22,discusses
64xizb,22,off_topic
1ihpo79,22,off_topic
1kqd8xa,22,off_topic
1g9eloj,22,off_topic
14m4oke,22,off_topic
15y9ex8,22,off_topic
1ddi96d,22,off_topic
6l8pej,22,off_topic
16wyj2y,22,supports
1i11ann,22,off_topic
1hj9s5a,22,off_topic
10azz4b,22,discusses
1cia37b,22,off_topic
10f9jjw,22,supports
adia3d,22,off_topic
1gwgfse,22,off_topic
1gc5enm,22,off_topic
112hhpt,22,off_topic
1gktp3b,22,off_topic
1586vte,22,off_topic
1h148x3,22,off_topic
1crx10r,22,off_topic
18hkqmo,22,off_topic
1bi3jjx,22,off_topic
178lxh6,22,off_topic
fueee3,22,off_topic
11wz0me,22,discusses
v3zw9e,22,off_topic
say4xj,22,off_topic
13fd1pa,22,off_topic
1jnlz07,23,off_topic
1oizce9,23,off_topic
1n6d412,23,off_topic
1loz2kf,23,off_topic
1l47zya,23,off_topic
1bmmss6,23,off_topic
15312zr,23,off_topic
tj64pr,23,off_topic
1d10shk,23,off_topic
4kibjk,23,off_topic
15isioa,23,off_topic
knlr19,23,off_topic
50ibsa,23,discusses
8b7gr3,23,off_topic
9zgnix,23,off_topic
8bqvkt,23,off_topic
8wveig,23,off_topic
73tccy,23,discusses
5zia5v,23,off_topic
sxnj3u,23,off_topic
y70bh7,23,discusses
y67acv,23,off_topic
1gdha3r,23,off_topic
1pqxg9a,23,off_topic
1jmjhz5,23,off_topic
zc3v10,23,off_topic
1s622sq,23,off_topic
1j1rf8d,23,off_topic
1pet9xw,23,off_topic
75o2tl,23,off_topic
1m8zs6c,23,off_topic
182tbwj,23,off_topic
1lbz6gz,23,off_topic
1eyhz0x,23,off_topic
14nq474,23,off_topic
f4qms4,23,off_topic
ar7ec8,23,off_topic
1b9tqw9,23,off_topic
146zvpu,23,off_topic
12s50vj,23,off_topic
8i3zs8,23,off_topic
1akcx06,23,off_topic
1dpf9h8,23,off_topic
18gn7la,23,off_topic
1049976,23,off_topic
12dddt7,23,off_topic
uw0gg6,23,off_topic
nys24t,23,off_topic
ari3sz,23,off_topic
66h9mf,23,off_topic
d5f1h9,23,off_topic
go6pl2,23,off_topic
1lvbkkb,23,off_topic
1lbumx0,23,off_topic
1feub3j,23,off_topic
knlqii,23,off_topic
1nq29i0,23,off_topic
1h0naf9,23,off_topic
18bhh9b,23,off_topic
17r91qt,23,off_topic
qulnig,23,off_topic
18k11hj,24,off_topic
x40j9m,24,off_topic
1gluet4,24,off_topic
1g6cqni,24,off_topic
109t68i,24,off_topic
1rgz1af,24,off_topic
x6c8r8,24,off_topic
oxyd6v,24,off_topic
xm7yyg,24,supports
1km8ijo,24,off_topic
1n7t1i2,24,off_topic
1ben4xw,24,off_topic
1ijr7gd,24,off_topic
1qgnkjt,24,off_topic
1g0ca1k,24,off_topic
123lveb,24,off_topic
1455ths,24,off_topic
6clqf4,24,supports
1ae0xrq,24,off_topic
1818f84,24,off_topic
lx1vgg,24,off_topic
1lnaa3b,24,off_topic
1ggftpo,24,off_topic
17fs39k,24,discusses
wp50za,24,off_topic
16r8aq1,24,off_topic
1l29u95,24,off_topic
1px0wkk,24,off_topic
1sdcpel,24,off_topic
1e1iz84,24,off_topic
1igqw7t,24,off_topic
1m3pnm5,24,off_topic
1pwvvqj,24,off_topic
g8y3o6,24,off_topic
imi2li,24,off_topic
li83kz,24,off_topic
1rav8tg,24,off_topic
b1ecj1,24,off_topic
10ar4tu,24,off_topic
1p9k4yj,24,off_topic
1m8wmlx,24,off_topic
967yts,24,off_topic
l5k8py,24,off_topic
ejdjr5,24,off_topic
1kpd8dv,24,off_topic
1r130xh,24,off_topic
1kmda67,24,off_topic
v3412y,24,off_topic
ulo9ot,24,off_topic
mun21m,24,off_topic
1r6jmns,24,off_topic
eqb0h,24,off_topic
1sys0yr,24,off_topic
1qhxf21,24,off_topic
3a1grd,24,off_topic
31vl51,24,supports
10ar69a,24,off_topic
1r1vg9h,24,off_topic
69ksmc,24,off_topic
1s1va1n,24,off_topic
1sal794,24,off_topic
1i8sbuw,24,off_topic
1sithhr,24,off_topic
14mznfn,24,off_topic
yvqklt,24,off_topic
s8kcsj,24,off_topic
8ukd74,24,off_topic
1csntuz,24,off_topic
1mdj68n,24,off_topic
r7ia29,24,off_topic
1spnkt7,24,off_topic
1h6c44o,24,off_topic
1plqvis,24,off_topic
1r8ccuf,24,off_topic
xpa8ir,24,off_topic
br75o0,24,off_topic
1nm3oh1,24,off_topic
192zy7d,24,off_topic
1q6vwuh,24,off_topic
1qjocn3,24,off_topic
1ohgn8t,24,off_topic
1lhl4ii,24,off_topic
190yp28,24,off_topic
18oeukn,24,off_topic
1aim3u9,24,off_topic
1995ve0,24,off_topic
1brgcf5,24,off_topic
17o0js5,24,off_topic
17iawlp,24,off_topic
16a85oh,24,off_topic
181y8id,24,off_topic
195r29w,24,off_topic
1anl486,24,off_topic
17hoa26,24,off_topic
1bkuier,24,off_topic
1ackjao,24,off_topic
19epeh5,24,off_topic
195e8mq,24,off_topic
16htgir,24,off_topic
17dq75e,24,off_topic
186l8tl,24,off_topic
16v7q95,24,off_topic
18hox14,24,off_topic
188krlj,24,off_topic
189tufg,24,off_topic
18em1f5,24,off_topic
18fgvak,24,off_topic
187g4qk,24,off_topic
17s6v2z,24,off_topic
184e3hw,24,off_topic
186mhdi,24,off_topic
17u9mf8,24,off_topic
16y0qvf,24,off_topic
17p1eq5,24,off_topic
17y2c0r,24,off_topic
17svvfw,24,off_topic
17g54ko,24,off_topic
10mxok4,24,off_topic
17eggl8,24,off_topic
17dtush,24,off_topic
17ho5rx,24,off_topic
175eka1,24,off_topic
11q5nwm,24,off_topic
1744jgk,24,off_topic
1729dyz,24,off_topic
16rs6u9,24,off_topic
z3n2bd,24,off_topic
ywpoaw,24,off_topic
14a48ox,24,off_topic
144cn05,24,off_topic
12gw98e,24,off_topic
13vkidb,24,off_topic
13tvumk,24,off_topic
13sb7od,24,off_topic
13sdty3,24,off_topic
109wufc,24,off_topic
137fjhy,24,off_topic
12vijhs,24,off_topic
131nftw,24,off_topic
12gwtc1,24,off_topic
12vjdw9,24,off_topic
12vksn1,24,off_topic
1qp5y2u,25,off_topic
1i7yh9h,25,off_topic
1lk22jw,25,supports
11dalu6,25,off_topic
1lqpgq1,25,off_topic
1lrl3rm,25,off_topic
1k643iq,25,off_topic
wnyvp2,25,off_topic
15e9adj,25,off_topic
yu7mq4,25,off_topic
17bdh8a,25,off_topic
12brpfm,25,off_topic
136daux,25,off_topic
17gqyos,25,off_topic
vec520,25,off_topic
13xd35y,25,off_topic
1p62ymr,25,off_topic
16cgp44,25,off_topic
1sqxpn7,25,off_topic
gpwapq,25,off_topic
1kwlwe8,25,off_topic
1of8aqg,25,off_topic
1k9ry0u,25,off_topic
1kvzwfx,25,off_topic
cgtjqm,25,off_topic
1170g85,25,discusses
70tyb7,25,off_topic
1lzbd5g,25,off_topic
w1fc4i,25,supports
y7vnpu,25,off_topic
d4ba7s,25,off_topic
u1725f,25,off_topic
5ij73u,25,off_topic
1dr7p6o,25,off_topic
whjlsz,25,off_topic
126yspz,25,off_topic
12ssj9h,25,off_topic
munkj0,25,off_topic
flx35c,25,off_topic
kj9yic,25,off_topic
mwv5qu,25,off_topic
7ochcg,25,off_topic
9ol266,25,off_topic
oit39s,25,off_topic
e5maon,25,off_topic
2h6e28,25,off_topic
1n2n1vi,25,off_topic
1ezcfgb,25,off_topic
18mcpij,25,off_topic
12cvhvs,25,off_topic
wjwke8,25,off_topic
wpoc3s,25,off_topic
uv7rco,25,off_topic
1mx0rsb,25,off_topic
18joqsp,25,off_topic
19eoy1h,25,off_topic
18mrxtj,25,off_topic
18d2p1k,25,off_topic
180nx0v,25,off_topic
17hjuf6,25,off_topic
17rfwdv,25,off_topic
17ckv6d,25,off_topic
12zjevs,25,off_topic
1313d0e,25,off_topic
132oc0k,25,off_topic
yu8yu0,25,off_topic
1rd9yix,26,off_topic
1ktj5x9,26,off_topic
1rcawrg,26,off_topic
1qcs0yc,26,off_topic
18wuwyn,26,off_topic
1ngvc84,26,off_topic
1si0a94,26,off_topic
1iswcqa,26,discusses
nmud4m,26,off_topic
z08fem,26,off_topic
9mno6e,26,off_topic
10uonu8,26,off_topic
1oap7hx,26,off_topic
1rznsvr,26,off_topic
1srmu52,26,off_topic
13kztxp,26,off_topic
1klgqeh,26,off_topic
1g83j28,26,off_topic
18p4exy,26,off_topic
1i5m6qi,26,off_topic
1sxz12z,26,off_topic
1ra4vtc,26,off_topic
znaiu7,26,off_topic
tyg26z,26,off_topic
1dg0yts,26,off_topic
xjbhsq,26,off_topic
dnblhd,26,off_topic
1gut8f7,26,off_topic
8j6y4x,26,off_topic
1dafkpi,26,off_topic
1m5tooc,26,off_topic
120uouk,26,off_topic
1qisrex,26,off_topic
ibcu2q,26,off_topic
wycyn8,26,off_topic
1efwjrz,26,off_topic
13n6u9z,26,off_topic
1miv7op,26,off_topic
105yef6,26,off_topic
1jkcw2a,26,off_topic
9mzcvq,26,off_topic
i0n5gc,26,off_topic
1lomeea,26,off_topic
1nexvca,26,off_topic
lv2ls2,26,off_topic
txj2le,26,off_topic
nvbh3w,26,off_topic
1ru8am6,26,off_topic
1pzzaun,26,off_topic
1s47azr,26,off_topic
1p4nk1a,26,off_topic
1k9xhcs,26,off_topic
1281hx0,26,off_topic
1lj94fo,26,off_topic
7c62jb,26,off_topic
1nu83so,26,off_topic
1lxxudv,26,off_topic
bxmyu8,26,off_topic
1iixvvo,26,off_topic
1pj2pqo,26,off_topic
flyoyg,26,off_topic
1ag3jzd,26,off_topic
j9sy3n,26,off_topic
62embp,26,off_topic
11jitw6,26,off_topic
i7rlrt,26,off_topic
1mihwst,26,off_topic
1acjpbe,26,off_topic
1beh8mn,26,off_topic
195w8db,26,off_topic
1ajihqi,26,off_topic
1aji02k,26,off_topic
1akd7pl,26,off_topic
18sbu84,26,off_topic
187ghw2,26,off_topic
17g5gsb,26,off_topic
18tksdh,26,off_topic
18he9jd,26,off_topic
18gzi0z,26,off_topic
18983zo,26,off_topic
17uy214,26,off_topic
173mnc4,26,off_topic
15qug5c,26,off_topic
17qjrht,26,off_topic
17c7ae5,26,off_topic
17aow7x,26,off_topic
17f78kf,26,off_topic
1791af0,26,off_topic
17cye3n,26,off_topic
17chatq,26,off_topic
17a4h3e,26,off_topic
17cfavw,26,off_topic
11945kv,26,off_topic
15wfdns,26,off_topic
12x5uwd,26,off_topic
12yifx8,26,off_topic
12vkgvs,26,off_topic
zhx9ym,26,off_topic
105ut3d,26,off_topic
zxmbj8,26,off_topic
zcff9z,26,off_topic
yxmt72,26,off_topic
ympewy,26,off_topic
iy2bft,26,off_topic
1omtvfj,27,off_topic
1lrhamx,27,off_topic
1gagde0,27,refutes
m5h2ks,27,refutes
1h5ujg5,27,off_topic
l5djp3,27,supports
fhk2vt,27,off_topic
3q9eou,27,off_topic
fk0cbe,27,off_topic
1m183tv,27,off_topic
jogf8j,27,off_topic
1s9kmzd,27,off_topic
1loaoov,27,off_topic
12qe6r6,27,off_topic
1o6atgl,27,off_topic
e6f0rc,27,off_topic
s0ep2s,27,off_topic
6giyno,27,off_topic
i3msyd,27,off_topic
fqmsg2,27,off_topic
figt2n,27,off_topic
frmgqu,27,off_topic
1ja0ns4,27,off_topic
nhmo1w,27,off_topic
1l80rbv,27,off_topic
1gozh3k,27,off_topic
iyumys,27,off_topic
mpxraz,27,off_topic
1cubufv,27,off_topic
1j9rxig,27,off_topic
1fd8o6t,27,off_topic
qzmhg7,27,off_topic
umehos,27,off_topic
wtcent,27,off_topic
n6i122,27,off_topic
mckjmc,27,off_topic
vgk4kj,27,off_topic
y9pbe0,27,off_topic
1dqj6mf,27,off_topic
g5ky43,27,off_topic
11l3gjg,27,off_topic
la93c7,27,off_topic
jivlvr,27,off_topic
1b2a8ts,27,off_topic
13lhwle,27,off_topic
jkh3zx,27,off_topic
17u7jn5,27,off_topic
bd7wwu,27,off_topic
6awrdj,27,off_topic
mlwbui,27,off_topic
jkrv3d,27,off_topic
9eocv2,27,off_topic
s8kxgt,27,off_topic
bqwtsg,27,off_topic
hgk0yr,27,off_topic
jkrze6,27,off_topic
r0kqab,27,off_topic
fls9mk,27,off_topic
pf1pew,27,off_topic
veq5sm,27,off_topic
m9eho9,27,off_topic
a6yw2g,27,off_topic
5ku91y,27,off_topic
9cwku0,27,off_topic
flx637,27,off_topic
brrqig,27,off_topic
5zy9kd,27,off_topic
eu15v2,27,off_topic
9hzn0r,27,off_topic
465cbb,27,off_topic
61axzl,27,off_topic
irrxv6,27,off_topic
9cu072,28,discusses
1qkud9i,28,discusses
9y4e31,28,off_topic
y9jfj9,29,off_topic
v7ul64,29,off_topic
rcetl2,29,off_topic
13fhzph,29,off_topic
12ddpq6,29,off_topic
13vzorq,29,off_topic
iyvzvz,29,off_topic
oknoru,29,off_topic
15d3csi,29,off_topic
lm0xgx,29,off_topic
137gmqe,29,off_topic
121jajz,29,off_topic
1er84xt,29,off_topic
wmq4gv,29,off_topic
ftllrc,29,off_topic
v95jzy,29,off_topic
6cna1l,29,off_topic
a6yde4,29,off_topic
17n4esf,29,off_topic
nv9hr6,29,off_topic
74ulmr,29,off_topic
17ii2hd,29,off_topic
wb2z5l,29,off_topic
861k6n,29,off_topic
2i3v7s,29,off_topic
1qvlvxc,29,off_topic
1sf62pi,29,off_topic
196n1eh,29,off_topic
6lrzd8,29,off_topic
6ughno,29,off_topic
1rt6d2o,29,off_topic
1msmenf,29,off_topic
6tzzi6,29,off_topic
rzrsx7,29,off_topic
t3cbqx,29,off_topic
8hmdsh,29,off_topic
ar6h7j,29,off_topic
x67dzf,29,off_topic
9xwy8o,29,off_topic
9b1od2,29,off_topic
uorpth,29,off_topic
1m5qui7,29,off_topic
15lu2d2,29,off_topic
v8jpq9,29,off_topic
sqrcuv,29,off_topic
nv4089,29,off_topic
mrqhab,29,off_topic
13dkuds,29,off_topic
yhelbe,29,off_topic
yew101,29,off_topic
ojb4cb,30,off_topic
nyq4wo,30,off_topic
u0dwf0,30,off_topic
12lq801,30,off_topic
1syf21d,30,off_topic
1krcbyz,30,off_topic
1ipdkp5,30,off_topic
1lgssgk,30,off_topic
112vvj2,30,off_topic
ctb8b7,30,off_topic
1rtpwfg,30,off_topic
1q77uke,30,off_topic
dqbtcn,30,off_topic
pc3h4n,30,off_topic
15j43lf,30,off_topic
10bojv6,30,off_topic
8e6k9p,30,off_topic
1kmfoup,30,off_topic
1gmcgh7,30,off_topic
66fsni,30,off_topic
jia61d,30,off_topic
m3bs8z,30,off_topic
1rkphll,30,off_topic
1qbjzxk,30,off_topic
1pujygt,30,off_topic
1f4b5wr,30,off_topic
jpqv0v,30,off_topic
riqfj6,30,off_topic
1drbfvz,30,off_topic
ittyao,30,off_topic
wanv20,30,off_topic
1amnwe6,30,off_topic
xgtphy,30,off_topic
1eqr741,30,off_topic
whnjn2,30,off_topic
10sg9d9,30,off_topic
1ipadvs,30,off_topic
1m0pqg1,30,off_topic
fgo3lf,30,off_topic
17uce4d,30,off_topic
1csfpit,30,off_topic
l25gdq,30,off_topic
g4ewn0,30,off_topic
711t5y,30,off_topic
68l0ln,30,off_topic
1b1jhg2,30,off_topic
18sznlx,30,off_topic
1hyzp7t,30,off_topic
6q9xp0,30,off_topic
1g8qt3a,30,off_topic
1ebs243,30,off_topic
dfk9iz,30,off_topic
rp43h1,30,off_topic
19ayc6c,30,off_topic
1fzrqe1,30,off_topic
1axghys,30,off_topic
1bqui38,30,off_topic
12zodvi,30,off_topic
1nqv1j0,30,off_topic
17wzgt0,30,off_topic
18q0me8,30,off_topic
17g52dg,30,off_topic
175mczu,30,off_topic
17dp4xg,30,off_topic
17da4nk,30,off_topic
15qtbrv,30,off_topic
107ai30,30,off_topic
zhtj3j,30,off_topic
gvqoq3,31,supports
cl3tzg,31,supports
ih08v3,31,supports
k603y6,31,supports
9n8nap,31,off_topic
1ib5egz,31,discusses
ici56t,31,supports
iotgaz,31,off_topic
10emso6,32,off_topic
11irsxz,32,off_topic
1hx8x8q,32,off_topic
1iyug40,32,off_topic
xr4cyd,32,off_topic
rir6v3,32,off_topic
pb8yww,32,off_topic
x93zqn,32,off_topic
191zmco,32,off_topic
zac957,32,off_topic
azk9wf,32,off_topic
s8gkdj,32,off_topic
wwtpd0,32,off_topic
16ul3yh,32,off_topic
tjd9sg,32,supports
y2unrx,32,off_topic
vyq0jh,32,off_topic
v5a8iu,32,off_topic
zgt2jj,32,off_topic
321shc,32,off_topic
11rusfi,32,off_topic
y3ojmz,32,off_topic
11vrlso,32,off_topic
g2bytp,32,off_topic
18gpia4,32,off_topic
4kvrdi,32,off_topic
qpcpda,32,off_topic
qg7f5j,32,off_topic
1kxdu77,32,off_topic
gd8rcb,32,off_topic
o7toq9,32,off_topic
gksuau,32,off_topic
bbxmcl,32,off_topic
1hfhac4,32,off_topic
ezpyag,32,off_topic
pyiy57,32,off_topic
4h6s4d,32,discusses
9mrp1j,32,off_topic
jzldwr,32,off_topic
t2m2sp,32,off_topic
sbmf6b,32,off_topic
1m5hb1j,32,off_topic
19blujd,32,off_topic
z2t1dd,32,off_topic
112d7gi,32,off_topic
vy62fx,32,off_topic
tulwnl,32,off_topic
1poeu11,32,off_topic
4keg77,32,off_topic
1md5ss3,32,off_topic
17iae01,32,off_topic
10cx7gi,32,off_topic
1cac9tl,32,off_topic
95ko1b,32,off_topic
9bt0lu,32,off_topic
zalgtq,32,off_topic
10jopb1,32,off_topic
zeb5v6,32,off_topic
110c52b,32,off_topic
1cf6ni3,32,off_topic
1gpv0ke,32,off_topic
tj9grk,32,off_topic
xr31ed,32,off_topic
kslmtn,32,off_topic
puk6sq,32,off_topic
plkpyx,32,off_topic
elbwld,32,off_topic
ya0vz3,32,off_topic
pu5seb,32,off_topic
s3vm5c,32,off_topic
l769em,32,off_topic
615460,32,off_topic
16gqjvl,32,off_topic
1j49sfh,32,off_topic
1katfve,32,off_topic
15mia1y,32,off_topic
xwsryq,32,off_topic
whlcrv,32,off_topic
1bpqxt5,32,off_topic
177kxnq,32,off_topic
18sys0u,32,off_topic
18n2ri8,32,off_topic
186lkq4,32,off_topic
180gs5o,32,off_topic
17ykgu1,32,off_topic
17qjtu2,32,off_topic
16e5828,32,off_topic
izsgni,32,off_topic
1q9w17h,33,off_topic
1qjsii6,33,off_topic
1mxiec8,33,off_topic
8lw08j,33,off_topic
yibcjz,33,off_topic
1kamfwx,33,off_topic
wy39bp,33,off_topic
pezlht,33,off_topic
1id18ec,33,off_topic
1icbj4w,33,off_topic
83f25c,33,off_topic
oon4a8,33,off_topic
6yjfcy,33,off_topic
1oix0j8,33,off_topic
7myqzz,33,off_topic
pqsmie,33,off_topic
s6viqn,33,off_topic
1kthgc8,33,off_topic
12p6nlt,33,supports
ylgzxo,33,discusses
folx5c,33,off_topic
l0kqeb,33,supports
n5jatz,33,off_topic
dexel2,33,off_topic
41p2uz,33,off_topic
yyifu6,33,off_topic
s0lfxs,33,off_topic
1bdrv5j,33,off_topic
mhhicw,33,off_topic
k577mi,33,off_topic
sit78i,33,off_topic
eua0wf,33,off_topic
1fpxjmh,33,off_topic
rtqq9p,33,off_topic
1bdljph,33,off_topic
1msdabb,33,off_topic
9iswb7,33,off_topic
1awlo4p,33,off_topic
qol0qg,33,off_topic
h9dp2s,33,off_topic
1scd5bd,33,off_topic
1cu0aj5,33,off_topic
fgbezz,33,off_topic
41qfg7,33,off_topic
1knvqry,33,off_topic
u1stp9,33,off_topic
15tkvmf,33,off_topic
1g2zhjt,33,off_topic
ptqhaw,33,off_topic
1qan5pt,33,off_topic
rtuung,33,off_topic
r7flie,33,off_topic
1p2yeuc,33,off_topic
rdtec3,33,off_topic
fcaghn,33,off_topic
tj5mon,33,off_topic
flhf5m,33,off_topic
ffsbpi,33,off_topic
rt15y0,33,off_topic
16pkcq2,33,off_topic
186n4c0,33,off_topic
17g5slm,33,off_topic
16ysshv,33,off_topic
17vusou,33,off_topic
17xhitq,33,off_topic
17q7ckw,33,off_topic
16d4mmj,33,off_topic
164rpz4,33,off_topic
z6tf3q,33,off_topic
13hilrj,33,off_topic
13awlh9,33,off_topic
11oof25,33,off_topic
11fz3md,33,off_topic
10ww7ko,33,off_topic
10ef5bk,33,off_topic
y57x33,33,off_topic
zcmrow,33,off_topic
z6wyy8,33,off_topic
ykmuv3,33,off_topic
wxj8ki,33,off_topic
12m1wgz,35,refutes
12o315k,35,off_topic
10pisjx,35,off_topic
12p9mzj,35,off_topic
10o0u9n,35,off_topic
11swh9c,35,off_topic
13igcdn,35,off_topic
115kdqw,35,off_topic
11zdohu,35,off_topic
e3ehbz,35,off_topic
10f9eqa,35,off_topic
1j7w2rf,35,off_topic
121tiuj,35,off_topic
11mbhhs,35,off_topic
1083d63,35,off_topic
10nbec0,35,off_topic
13bhtuu,35,off_topic
e4ywaj,35,off_topic
143d0ua,35,off_topic
e5e2aq,35,off_topic
11marvj,35,off_topic
11zdm9m,35,off_topic
106htar,35,off_topic
109dle6,35,off_topic
e94ixf,35,off_topic
13wezig,35,off_topic
12kid2q,35,off_topic
105of9u,35,off_topic
ea2jip,35,off_topic
10jb309,35,off_topic
11t3igh,35,off_topic
13ww9my,35,off_topic
13edi9y,35,off_topic
f69ncu,35,off_topic
tcdy59,35,off_topic
125j6of,35,off_topic
10z13f7,35,off_topic
echy7t,35,off_topic
11oha77,35,off_topic
11wowlb,35,off_topic
1dbt8zf,35,off_topic
zmdnn0,35,off_topic
e3g5q5,35,off_topic
114r0wo,35,off_topic
108jho8,35,off_topic
edwwgn,35,off_topic
109060s,35,off_topic
1085vco,35,off_topic
ceshxz,35,off_topic
eynxpz,35,off_topic
1deh5x0,35,off_topic
108au1g,35,off_topic
txu6iw,35,off_topic
11wwgwj,35,off_topic
11txcv3,35,off_topic
ee9n9o,35,off_topic
el8xqn,35,off_topic
bepsxe,35,off_topic
11s17mi,35,off_topic
1c3qkzj,35,off_topic
eyul8b,35,off_topic
ea9bpv,35,off_topic
141gi0z,35,off_topic
14dmbhp,35,off_topic
u1uv83,35,off_topic
11lv4dm,35,off_topic
114j6i4,35,off_topic
xymafi,35,off_topic
11s1mwn,35,off_topic
126ms18,35,off_topic
11d7ubq,35,off_topic
t9rxro,35,off_topic
bxkheg,35,off_topic
107k677,35,off_topic
10f72tg,35,off_topic
esq6p1,35,off_topic
12ezowh,35,off_topic
11zldij,35,off_topic
11tuxpn,35,off_topic
122kkoa,35,off_topic
109wvby,35,off_topic
e5ui60,35,off_topic
124p7cf,35,off_topic
11q71hx,35,off_topic
usyrk1,35,off_topic
etxpnm,35,off_topic
e6ax6h,35,off_topic
10ou65s,35,off_topic
1ao3cy1,35,off_topic
120sr6e,35,off_topic
17ccflo,35,off_topic
13z4905,35,off_topic
11lfciv,35,off_topic
11ee61o,35,off_topic
y1b9q2,35,off_topic
1rw50ee,37,off_topic
mai7eq,37,off_topic
1kvobxy,37,off_topic
myq7qn,37,off_topic
17nfb1w,37,off_topic
33otbl,37,off_topic
19f7ecz,37,off_topic
1as4xpw,37,off_topic
185yzts,37,off_topic
15krhgh,37,off_topic
17hjn2y,37,off_topic
179wux9,37,off_topic
1791izf,37,off_topic
170l9pf,37,off_topic
16vd6oq,37,off_topic
16hhee9,37,off_topic
14945l9,37,off_topic
14a4coz,37,off_topic
11j4n7z,37,off_topic
10td81j,37,off_topic
111agco,37,off_topic
zy2ssi,37,off_topic
11jdw4c,38,off_topic
t9h37p,38,off_topic
ullr4v,38,off_topic
11rbj7x,38,off_topic
199lpii,38,off_topic
16ca2qs,38,off_topic
wvyxjh,38,off_topic
10vzejp,38,off_topic
ys1f1z,38,off_topic
svfoic,38,off_topic
5ls4eh,38,off_topic
trz6tx,38,off_topic
1i3do0y,38,off_topic
tqs9hv,38,off_topic
tngso3,38,off_topic
1l7se5k,38,off_topic
yty2zl,38,off_topic
tsszug,38,off_topic
tvv6l3,38,off_topic
1lfxh0w,38,off_topic
thqmny,38,off_topic
1hy04tq,38,off_topic
ty61qq,38,off_topic
15cxyur,38,off_topic
twno29,38,off_topic
1d7c185,38,off_topic
tko0oa,38,off_topic
1ebtarw,38,off_topic
1elhzdn,38,off_topic
u28xy6,38,off_topic
xex9ql,38,off_topic
12ocqg4,38,off_topic
4sh0tc,38,off_topic
u1a0we,38,off_topic
dioiij,38,off_topic
zwdt7q,38,off_topic
tga5wh,38,off_topic
uvvzyu,38,off_topic
v3bd7k,38,off_topic
smzl0y,38,off_topic
wo5be0,38,off_topic
tne29w,38,off_topic
xmd3mb,38,off_topic
k9tt6x,38,off_topic
tu5kvn,38,off_topic
1aq0wn0,38,off_topic
wf2346,38,supports
wy04r2,38,off_topic
18crzkr,38,off_topic
195qf4w,38,off_topic
186m1z9,38,off_topic
186mde8,38,off_topic
16cw8gk,38,off_topic
18fh1qp,38,off_topic
181yt3j,38,off_topic
180o1j9,38,off_topic
178bf8r,38,off_topic
17wmvg8,38,off_topic
17vv5od,38,off_topic
17can30,38,off_topic
17kpy4c,38,off_topic
17cynwv,38,off_topic
175bp6w,38,off_topic
16smogb,38,off_topic
165fb4w,38,off_topic
zasifl,38,off_topic
10te1kt,38,off_topic
11fdksb,38,off_topic
11f3eeg,38,off_topic
11b87lm,38,off_topic
10uli5k,38,off_topic
y3rzcj,38,off_topic
10ihoa3,38,off_topic
10q30di,38,off_topic
zryrqz,38,off_topic
xmh6ll,38,off_topic
y7sgen,38,off_topic
wmkpt6,38,off_topic
xdp6gr,38,off_topic
w4l7b3,39,off_topic
1smzxog,39,off_topic
13i4svg,39,discusses
16o9ehf,39,off_topic
11e409a,39,supports
12dri6t,39,off_topic
vo65bw,39,off_topic
11d7zw6,39,supports
131ji0g,39,supports
1cyrov7,39,off_topic
1hyiyks,39,off_topic
163mu5b,39,supports
1dbpd5d,39,off_topic
16g0xjy,39,off_topic
13nr2lt,39,supports
13k1fqx,39,off_topic
18j02eh,39,supports
g2idz0,39,off_topic
pov23z,39,off_topic
1ls2kso,39,off_topic
fguory,39,off_topic
alczp8,39,off_topic
alq3f2,39,off_topic
1fbxury,39,off_topic
mqm14i,39,off_topic
fhxqf7,39,off_topic
11cfl1w,39,supports
1lg8edj,39,off_topic
1m91l87,39,off_topic
1nhdbex,39,off_topic
x57627,39,off_topic
340itv,39,off_topic
1bdakef,39,supports
1k2u7y8,39,off_topic
1eggq7w,39,off_topic
18dji17,39,off_topic
10ptgx2,39,off_topic
17olzxc,39,off_topic
90ga1w,39,off_topic
u6wyq8,39,off_topic
fhz1tr,39,off_topic
18g5a25,39,off_topic
us26sy,39,off_topic
z6t1gp,39,off_topic
yddfgd,39,off_topic
y8v06b,39,off_topic
10r1m8y,39,off_topic
1e4ks0l,39,off_topic
1fcv2tf,39,off_topic
sdx1zh,39,off_topic
mjgb76,39,off_topic
1aff1eg,39,off_topic
1dp7lq4,39,off_topic
wxqe1u,39,off_topic
ta9hzg,39,off_topic
zefq0o,39,off_topic
17a2dvq,39,off_topic
zyezwp,39,off_topic
10k12o9,39,off_topic
3d5gtr,39,off_topic
xs6spm,39,off_topic
csm2pt,39,off_topic
xl6g1c,39,off_topic
x1tmzz,39,off_topic
u2w1gt,39,off_topic
bzb17g,39,off_topic
a2zpof,39,off_topic
2q62xj,39,off_topic
1q8mkok,39,off_topic
17f8e7i,39,off_topic
18v49ec,39,off_topic
181y11r,39,off_topic
17zke8j,39,off_topic
17r8ywj,39,off_topic
17hjr3w,39,off_topic
17gt48g,39,off_topic
12gwpn6,39,off_topic
12o3f3q,39,off_topic
13aw8ny,39,off_topic
12oespk,39,off_topic
120fq4u,39,off_topic
1176lct,39,off_topic
zwbcm1,39,off_topic
yrb5ve,39,off_topic
z2wg3i,39,off_topic
zcf7zw,39,off_topic
xi1day,39,off_topic
ybjgjo,39,off_topic
1hrsn74,40,off_topic
zcq6um,40,supports
1pw2rqh,40,off_topic
1hvpi1h,40,off_topic
lpkviw,40,supports
13rmhyo,40,supports
1fztvth,40,supports
19562p7,40,off_topic
bsja0x,40,off_topic
18jwnqu,40,supports
1q21n6s,40,off_topic
12fpn6i,40,supports
qffqm2,40,supports
tzjv11,40,off_topic
177uh6e,40,supports
6t96ec,40,supports
aosx6d,40,off_topic
1onydfe,40,off_topic
qqou2m,40,supports
35owc4,40,discusses
118trfu,40,off_topic
1b8cx6y,40,off_topic
ybi13h,40,supports
pekj2t,40,off_topic
1daz7gt,40,off_topic
4m7v8k,40,supports
fiybcu,40,off_topic
sqrsf0,40,off_topic
n79v3,40,off_topic
t1991p,40,off_topic
wb29ee,40,supports
rmxsrq,40,off_topic
1rrseuk,40,supports
qkc9ob,40,off_topic
1nwvfm8,40,off_topic
1rat6ox,40,off_topic
8h6l9c,40,off_topic
1jnzdy2,40,off_topic
fkldua,40,off_topic
1ao4hr2,40,off_topic
1f72a4j,40,off_topic
yk7f0z,40,off_topic
17fab58,40,off_topic
1p06cgi,40,off_topic
1o17n4f,40,off_topic
1cusgbb,40,off_topic
1nzf1wi,40,off_topic
1im2tam,40,off_topic
1n80kbv,40,off_topic
rvq046,40,off_topic
9aotrf,40,off_topic
1o2t5yg,40,off_topic
1mi4i3n,40,off_topic
1ha5uf5,40,off_topic
sjxrk3,40,off_topic
1lo23v1,40,off_topic
1mei15u,40,off_topic
16sp2dr,40,off_topic
p9uw35,40,off_topic
11mrjs6,40,off_topic
yyf3mh,40,off_topic
owxain,40,off_topic
1jee6nr,40,off_topic
smkm1j,40,off_topic
brmib7,40,off_topic
1i11tx2,40,off_topic
1cow4pc,40,supports
18lfe9z,40,off_topic
18r3utj,40,off_topic
17cf1ne,40,off_topic
17jx18j,40,off_topic
12vko0o,40,off_topic
13awtoy,40,off_topic
12oedgl,40,off_topic
ylt6sd,40,off_topic
yok97w,40,off_topic
ij8qio,40,off_topic
1jim3gj,41,refutes
1qxdb60,41,off_topic
1pasmbq,41,off_topic
v7iaoe,41,off_topic
1l2kjvv,41,off_topic
1lumn3f,41,off_topic
1m0ckky,41,off_topic
fhepc7,41,off_topic
1d8kd43,41,off_topic
4tfmoj,41,supports
351qdk,41,off_topic
oq3df1,41,off_topic
161d2au,41,off_topic
peeucn,41,off_topic
1r0uop7,41,off_topic
we8icr,41,off_topic
raut39,41,off_topic
p0vx4n,41,off_topic
101aehd,41,off_topic
1rotuec,41,off_topic
rek0w8,41,off_topic
ry3nne,41,off_topic
9ipva2,41,off_topic
r7knn3,41,off_topic
hjdm2t,41,off_topic
m0aaur,41,off_topic
1l9u2my,41,off_topic
1r7l1bb,41,off_topic
s5dzze,41,off_topic
aou0rm,41,off_topic
1lxsvbn,41,off_topic
mkefb8,41,off_topic
1rogd55,41,off_topic
579g29,41,off_topic
fmbrtd,41,off_topic
jm32gj,41,off_topic
oc48n5,41,off_topic
o18i8w,41,off_topic
10iplkg,41,off_topic
jjwuzn,41,off_topic
1i81a29,41,off_topic
1bvrt4h,41,off_topic
1hvo0zx,41,off_topic
1180hws,41,off_topic
9i7ot6,41,off_topic
1j5jitq,41,off_topic
6684pv,41,off_topic
170inab,41,off_topic
piezlr,41,off_topic
zqj2oc,41,off_topic
1dhvt8s,41,off_topic
tzq230,41,off_topic
x5x6ac,41,off_topic
8eaxjl,41,off_topic
18v4q9i,41,off_topic
1ath8xx,41,off_topic
1bdoho9,41,off_topic
199v5nt,41,off_topic
17rfln4,41,off_topic
1bacba5,41,off_topic
16cci0i,41,off_topic
19beihz,41,off_topic
1bewdxd,41,off_topic
16ke5mv,41,off_topic
18c0edo,41,off_topic
1aqp0no,41,off_topic
1akhn9s,41,off_topic
16p7zot,41,off_topic
1as5qzu,41,off_topic
1lfvi3m,42,off_topic
1nojzpd,42,off_topic
zd64up,42,discusses
xx8h0w,42,supports
xhmdpu,42,discusses
tye0kt,42,discusses
kp0re0,42,discusses
ecfmdx,42,supports
sg3lfk,42,refutes
tfex6r,42,discusses
ictrw8,42,off_topic
j1069i,42,supports
9bhywi,42,supports
1da927o,42,off_topic
159g1b5,42,off_topic
l79sl5,42,off_topic
13cjg9f,42,off_topic
1dadxjg,42,refutes
5srv8q,42,refutes
qlponw,42,supports
17y2d6p,42,off_topic
w524xy,42,refutes
a151zv,42,supports
u8o54e,42,off_topic
uxeake,42,off_topic
eup1di,42,off_topic
js5av6,42,supports
1dlchla,42,off_topic
s427nc,42,off_topic
u45mul,42,off_topic
ixrd8y,42,discusses
e5xiiq,42,off_topic
twtj3l,42,discusses
qm3zs5,42,off_topic
eks8lr,42,off_topic
dyj4xf,42,off_topic
y09nwo,42,off_topic
9trq9c,42,off_topic
rwmqxx,42,off_topic
pvl8c7,42,supports
dthkqo,42,off_topic
83of25,42,off_topic
64k0up,42,discusses
5bsjo1,42,off_topic
ew9bu2,42,refutes
18v4gph,42,off_topic
186kpuv,42,off_topic
ya0oo0,42,off_topic
1c0lloj,43,off_topic
1igmw0o,43,off_topic
fviobo,43,off_topic
1mcqw1b,43,off_topic
17iamqo,43,off_topic
1cdi9mx,43,off_topic
1lz4t29,43,off_topic
u80a3u,43,off_topic
1crid3e,43,supports
ia99vr,43,off_topic
9b8c4p,43,off_topic
cue8ed,43,off_topic
17qqpls,43,off_topic
178hc7m,43,off_topic
1phe0pu,44,off_topic
mtfpga,44,off_topic
rri8xa,44,off_topic
obpuh8,44,off_topic
ohz00h,44,off_topic
k624c4,44,off_topic
obsrfj,44,off_topic
1b8creq,44,off_topic
kc99mr,44,off_topic
16zt3tl,44,discusses
rr8ahf,44,off_topic
ko9dyf,44,off_topic
kt8gmt,44,off_topic
sii340,44,off_topic
kjm1a3,44,off_topic
op3cu9,44,off_topic
qn5bzy,44,off_topic
r0bzft,44,off_topic
15o4636,44,off_topic
nh21mm,44,off_topic
lfzbmy,44,off_topic
r1vvup,44,off_topic
1phahga,44,off_topic
nbgk37,44,off_topic
t8k9bm,44,off_topic
kgrai2,44,off_topic
o4diru,44,off_topic
jvpzh0,44,off_topic
m1ethl,44,off_topic
vqndkq,44,off_topic
pnawuz,44,off_topic
kyt8fg,44,off_topic
rworgg,44,off_topic
imc2uz,44,off_topic
n0dmbg,44,off_topic
pjmyno,44,off_topic
yomwdv,44,off_topic
seor6s,44,off_topic
p19ls2,44,off_topic
ksik3u,44,off_topic
o6lnfo,44,off_topic
mo3jua,44,off_topic
krnvhz,44,off_topic
l4vujj,44,off_topic
kt1iuf,44,off_topic
kixuic,44,off_topic
k90kjc,44,off_topic
1dpmd6j,44,off_topic
bnoy8x,44,off_topic
oomes0,44,off_topic
a3rf6,44,off_topic
1ncftmo,44,off_topic
w9esue,44,off_topic
n2ckjs,44,off_topic
p7iocm,44,off_topic
old392,44,off_topic
13i72vg,44,off_topic
zx78lo,44,off_topic
rpj0v2,44,off_topic
mhrbt0,44,off_topic
mss81s,44,off_topic
r1yxhd,44,off_topic
1e6gxpc,44,off_topic
qo5r1s,44,off_topic
nquxge,44,off_topic
mdj0lc,44,off_topic
s2zl4w,44,off_topic
fp6tij,44,off_topic
rxlufc,44,off_topic
1nhf5mw,44,off_topic
1bpr1pd,44,off_topic
18ah4jw,44,off_topic
17l94kp,44,off_topic
168elrj,44,off_topic
15xlqhu,44,off_topic
16k5rp4,44,off_topic
131nq93,44,off_topic
10w4phk,44,off_topic
y2uqw1,44,off_topic
yzy7g7,44,off_topic
j29je4,44,off_topic
130hy1l,45,off_topic
14wo22a,45,off_topic
zmjuhx,45,off_topic
16ugxlr,45,off_topic
14jateg,45,discusses
1aeq6f6,45,off_topic
191lgbs,45,discusses
16upbwq,45,off_topic
c5oat5,45,off_topic
1htc6ow,45,off_topic
ovsuej,45,off_topic
1madrnd,45,off_topic
13130cj,45,discusses
phrd2s,45,off_topic
vhn3ne,45,off_topic
6ho431,45,off_topic
1bdtnx3,45,discusses
15lunx9,45,off_topic
xk04ig,45,off_topic
8w2awd,45,off_topic
9b8uhu,45,off_topic
4t9u5n,45,off_topic
69twpr,45,off_topic
14a4lgz,45,off_topic
1dc1d9n,46,off_topic
1qdljdd,46,off_topic
1eauomt,46,off_topic
1dcf2fh,46,off_topic
1k5bkkx,46,off_topic
1imwlav,46,off_topic
1qaqati,46,off_topic
1gbv39k,46,off_topic
1e3s5hh,46,off_topic
u5imm7,46,off_topic
11sbdcc,46,off_topic
14lwal3,46,off_topic
10ozpbg,46,off_topic
1dhvl4n,46,off_topic
12pmju1,46,off_topic
yqkrxy,46,off_topic
1n2ko37,46,off_topic
1met49u,46,off_topic
1f9k578,46,off_topic
124sqph,46,off_topic
156mub1,46,off_topic
12ee5ls,46,off_topic
1aewo2e,46,off_topic
1ij0hgz,46,off_topic
1dlu8wq,46,off_topic
8ybj73,46,off_topic
ypkenn,46,off_topic
17rz7zt,46,off_topic
15a8prv,46,off_topic
btbfi4,46,off_topic
1h43ail,46,off_topic
1f3443m,46,off_topic
1dce6tz,46,off_topic
1fv7cc5,46,off_topic
1dgfoey,46,off_topic
1gaxvyj,46,off_topic
123oj7s,46,off_topic
19292qm,46,off_topic
1dciusk,46,off_topic
11xwpn3,46,off_topic
11s5x0w,46,off_topic
1seuh00,46,off_topic
ice0kk,46,off_topic
1dywnc4,46,off_topic
ulp0es,46,off_topic
xx6ccb,46,off_topic
12lq3tk,46,off_topic
adik0y,46,off_topic
1epo7f9,46,off_topic
1dczefz,46,off_topic
907lnw,46,off_topic
58ysn8,46,off_topic
2w86e7,46,off_topic
13voob9,46,off_topic
1h50c4x,46,off_topic
1n00mwq,46,off_topic
1jacozo,46,off_topic
1klipsg,46,off_topic
6s4yk2,46,off_topic
1ncwrna,46,off_topic
1r8bfym,46,off_topic
11szwem,46,off_topic
1ft3bdf,46,off_topic
16gr6us,46,off_topic
ynrjsu,46,off_topic
anoqse,46,off_topic
q1z1tr,46,off_topic
11ok2qd,46,off_topic
tcd4ea,46,off_topic
1e4pzmv,46,off_topic
18vhgav,46,off_topic
18tkd9z,46,off_topic
17eiakh,46,off_topic
1b9sch0,46,off_topic
1b9sxdk,46,off_topic
1bg4123,46,off_topic
1bjz2ok,46,off_topic
1annt6e,46,off_topic
18ww0tj,46,off_topic
18uil8k,46,off_topic
1am2aa6,46,off_topic
1arcw8y,46,off_topic
1ajjbr9,46,off_topic
1aq1vss,46,off_topic
19eor6q,46,off_topic
1aof953,46,off_topic
16v762m,46,off_topic
1ao2y4u,46,off_topic
1akxo26,46,off_topic
1akiuyh,46,off_topic
1akifm8,46,off_topic
1am1bo0,46,off_topic
18w3yia,46,off_topic
17o8mtz,46,off_topic
199ts0c,46,off_topic
18y7u0t,46,off_topic
18iuqhn,46,off_topic
18gmv74,46,off_topic
186n1dn,46,off_topic
17l1oyi,46,off_topic
176ubug,46,off_topic
176wy47,46,off_topic
1796igl,46,off_topic
16r0gyf,46,off_topic
15su48d,46,off_topic
16gr6ue,46,off_topic
15wcsc1,46,off_topic
1495e2s,46,off_topic
130jjlk,46,off_topic
139ojd7,46,off_topic
11fz8xh,46,off_topic
11m0jps,46,off_topic
114kq6q,46,off_topic
1elarbx,47,off_topic
1c21byc,47,off_topic
1efnhye,47,off_topic
1e9k9a7,47,off_topic
1e5ok5h,47,off_topic
1efayex,47,off_topic
1ehg8fx,47,off_topic
1ak60m3,47,off_topic
1aivqtm,47,off_topic
13eky2c,47,off_topic
17h47lj,47,off_topic
1eptigv,47,off_topic
1c0t3sx,47,off_topic
1hxbe2s,47,off_topic
186j9k3,47,off_topic
1ebpsok,47,off_topic
1eny8p8,47,off_topic
ze12xr,47,off_topic
1bpsc5l,47,off_topic
1co8ccx,47,off_topic
1hc3gcw,47,off_topic
1c3qnq1,47,supports
1b7ee96,47,off_topic
1l72s05,47,off_topic
196fq04,47,off_topic
155kxt6,47,off_topic
1b3mmao,47,off_topic
199y5hj,47,off_topic
6zwa36,47,off_topic
1hdi0kn,47,off_topic
1ee6eul,47,off_topic
1bvupup,47,off_topic
1e81mgl,47,off_topic
w8et95,47,off_topic
1c4sj07,47,off_topic
1bj8m0n,47,off_topic
1mc6322,47,off_topic
1ekjjwe,47,off_topic
1ek47ig,47,off_topic
1elhpc6,47,off_topic
1j3kjt2,47,off_topic
1e5htqp,47,off_topic
d9wvlq,47,off_topic
18vzkmg,47,off_topic
1ep2jor,47,off_topic
1blsbzn,47,off_topic
1ee7svn,47,off_topic
1epnvej,47,off_topic
196e0pm,47,off_topic
1eftexl,47,off_topic
16tlycw,47,off_topic
17bdilh,47,off_topic
1ehn3st,47,off_topic
1c6vp3p,47,discusses
1ak5mhd,47,off_topic
1eqbcee,47,off_topic
p1q2yw,47,off_topic
1ei3rkv,47,off_topic
1cidi5e,47,off_topic
1eg7v4g,47,off_topic
1ejuwk0,47,off_topic
z217fn,47,discusses
1azpvx6,47,off_topic
1bmj13o,47,off_topic
1bupp91,47,discusses
1dv87gw,47,off_topic
1iq0dp6,47,off_topic
yvw5nm,47,off_topic
1bpy1xg,47,off_topic
17jppj6,47,off_topic
1b8qmy7,47,off_topic
1eddctw,47,off_topic
1bh735v,47,off_topic
14t6i25,47,off_topic
11nj3q3,47,off_topic
1ejbu1m,47,off_topic
1dobijv,47,off_topic
6vec64,47,off_topic
14e5zwh,47,off_topic
1e0hgnf,47,off_topic
1edaz1f,47,off_topic
1eo4eta,47,off_topic
1ef3cq1,47,off_topic
1e5ci39,47,off_topic
1mw6wdr,47,off_topic
1encwnm,47,off_topic
15ebd5k,47,off_topic
1hhbyvd,47,off_topic
1ec19f9,47,off_topic
1ecryfs,47,off_topic
1eggnu9,47,off_topic
6fsp1s,47,off_topic
1efuetm,47,off_topic
1bhs7kz,47,off_topic
1efsnxh,47,off_topic
1f6pvnp,47,off_topic
1eevmh5,47,off_topic
1ej1snr,47,off_topic
1eaxfbq,47,off_topic
1aod503,47,off_topic
1b8k9i6,47,off_topic
y772l0,47,off_topic
azzjcs,47,off_topic
a5ch1l,47,off_topic
6quykg,47,off_topic
700wa6,47,off_topic
5e34gi,47,off_topic
17dwend,47,off_topic
1aq0f7k,47,off_topic
1bei9em,47,off_topic
18w3tlb,47,off_topic
18iwhdy,47,off_topic
18i9mdf,47,off_topic
178hgso,47,off_topic
177qona,47,off_topic
16tix22,47,off_topic
12vjy4g,47,off_topic
132o4fs,47,off_topic
11pjlaw,47,off_topic
zl3bjt,47,off_topic
zu93n1,47,off_topic
y3m3m6,47,off_topic
yc5ckl,47,off_topic
1bttjzq,48,supports
1mk5oz2,48,off_topic
1sfptq0,48,off_topic
1mnzdhe,48,off_topic
1mc73gw,48,off_topic
19fc0i6,48,supports
vu7hw1,48,off_topic
1sr9ehr,48,off_topic
1mk83ge,48,off_topic
1lfyerd,48,off_topic
12pb3sj,48,off_topic
1lxwxac,48,supports
1mk82z0,48,off_topic
1e67ex8,48,off_topic
b9dhs5,48,off_topic
1mk0b4y,48,off_topic
15gyjp3,48,off_topic
1cubzin,48,off_topic
nh2xbd,48,off_topic
13kb1cf,48,off_topic
1c27osd,48,off_topic
1aoze9t,48,supports
1dkdkms,48,off_topic
hdo19g,48,off_topic
1aejl66,48,supports
1abdwax,48,supports
1hcu28q,48,off_topic
334a8d,48,off_topic
1o14a93,48,off_topic
4w5vkf,48,off_topic
ld48jf,48,off_topic
1do0zun,48,off_topic
15crqft,48,off_topic
b04uo3,48,off_topic
jnyj70,48,off_topic
hbfvim,48,off_topic
j3wawt,48,off_topic
aim8fj,48,off_topic
1ko7oem,48,off_topic
owq7xx,48,off_topic
6stumu,48,off_topic
3eddti,48,off_topic
12lwnfm,48,off_topic
k603dd,48,off_topic
9wfi0p,48,off_topic
6gsbos,48,off_topic
7pvbsv,48,off_topic
aiag9z,48,off_topic
6ym3lb,48,off_topic
93cpy1,48,off_topic
fmzraj,48,off_topic
77supo,48,off_topic
khpbim,48,off_topic
p3nfil,48,off_topic
34xkzo,48,off_topic
nhp74a,48,off_topic
b3unvm,48,off_topic
ghslu9,48,off_topic
hzd5d1,48,off_topic
1cemajh,48,off_topic
bmvw9h,48,off_topic
9zoxcy,48,off_topic
b0cilf,48,off_topic
7pr866,48,off_topic
3gn1op,48,off_topic
58mlme,48,off_topic
58mxli,48,off_topic
4wpecq,48,off_topic
6yvijc,48,off_topic
3b9cdx,48,off_topic
423pa0,48,off_topic
3b92zr,48,off_topic
3fz8em,48,off_topic
38oz5m,48,off_topic
jx5mib,48,off_topic
8rdvo,48,off_topic
1fks6e4,48,off_topic
1ldh464,48,off_topic
1ituppo,48,off_topic
1kl7twc,48,off_topic
1kuag2w,48,off_topic
q5sw9e,48,off_topic
1kttop0,48,off_topic
1alsav6,48,off_topic
1bnuyhx,48,off_topic
17a4ydp,48,off_topic
18zc6ze,48,off_topic
1b8jfkl,48,off_topic
18syhnz,48,off_topic
1as5lzr,48,off_topic
1ajhwrl,48,off_topic
1akizay,48,off_topic
1ah0h9v,48,off_topic
1ackyue,48,off_topic
1911hjg,48,off_topic
18q08fw,48,off_topic
18w4epy,48,off_topic
187hltt,48,off_topic
18fh9jf,48,off_topic
186mpba,48,off_topic
17pj11w,48,off_topic
17rfgqy,48,off_topic
175btwz,48,off_topic
15r4ala,48,off_topic
12lpsbh,48,off_topic
118uwmk,48,off_topic
130hcib,48,off_topic
12pgfl4,48,off_topic
106obfl,48,off_topic
z6yxp0,48,off_topic
zdui50,48,off_topic
