post_id,claim_id,label_llm,label_author
14u0n1t,10,off_topic,off_topic
u8o54e,42,off_topic,off_topic
1qbkslz,12,supports,supports
o3c60p,6,discusses,discusses
ici56t,31,supports,supports
6t96ec,40,supports,supports
58mxli,48,off_topic,off_topic
xx8h0w,42,supports,supports
tulwnl,32,off_topic,off_topic
1jim3gj,41,refutes,refutes
16vi53c,20,supports,supports
azzpfa,19,discusses,discusses
lvxwqy,4,supports,supports
1e5htqp,47,off_topic,off_topic
1l29u95,24,off_topic,off_topic
12m1wgz,35,refutes,refutes
objeos,12,supports,off_topic
d8qza8,5,refutes,refutes
b3unvm,48,off_topic,off_topic
69sb4b,14,off_topic,off_topic
cl3tzg,31,supports,supports
11l3gjg,27,off_topic,off_topic
6clqf4,24,supports,supports
o9yu8w,3,supports,supports
lg2k8j,6,refutes,refutes
1jw3g0e,17,supports,supports
bfyjiv,13,off_topic,off_topic
12gto59,10,off_topic,off_topic
1bdtnx3,45,discusses,discusses
6chrdz,13,off_topic,off_topic
fqfc29,4,refutes,refutes
sg3lfk,42,refutes,refutes
1b1blip,10,off_topic,off_topic
130hy1l,45,off_topic,off_topic
121jajz,29,off_topic,off_topic
1ic7jen,17,discusses,discusses
50ibsa,23,discusses,discusses
12fpn6i,40,supports,supports
18gll5i,9,discusses,discusses
rr8ahf,44,off_topic,off_topic
lg2dzw,6,discusses,discusses
16kmu0r,19,off_topic,off_topic
wf2346,38,supports,supports
1dadxjg,42,refutes,refutes
4m7v8k,40,supports,supports
10emso6,32,off_topic,supports
lpv6b2,12,off_topic,off_topic
lpkviw,40,supports,supports
la0a8q,12,off_topic,off_topic
17fs39k,24,discusses,supports
